id,施設名,日付,残室,予約,総室数
eminencemakishi,Mr.KINJO Eminence inn Makishi,2026/08/30,0,78,78
eminencemakishi,Mr.KINJO Eminence inn Makishi,2026/08/31,6,72,78
eminencemakishi,Mr.KINJO Eminence inn Makishi,2026/09/01,4,74,78
eminencemakishi,Mr.KINJO Eminence inn Makishi,2026/09/02,16,62,78
eminencemakishi,Mr.KINJO Eminence inn Makishi,2026/09/03,24,54,78
eminencemakishi,Mr.KINJO Eminence inn Makishi,2026/09/04,21,57,78
eminencemakishi,Mr.KINJO Eminence inn Makishi,2026/09/05,19,59,78
eminencemakishi,Mr.KINJO Eminence inn Makishi,2026/09/06,33,45,78
eminencemakishi,Mr.KINJO Eminence inn Makishi,2026/09/07,34,44,78
eminencemakishi,Mr.KINJO Eminence inn Makishi,2026/09/08,30,48,78
eminencemakishi,Mr.KINJO Eminence inn Makishi,2026/09/09,30,48,78
eminencemakishi,Mr.KINJO Eminence inn Makishi,2026/09/10,28,50,78
eminencemakishi,Mr.KINJO Eminence inn Makishi,2026/09/11,36,42,78
eminencemakishi,Mr.KINJO Eminence inn Makishi,2026/09/12,31,47,78
eminencemakishi,Mr.KINJO Eminence inn Makishi,2026/09/13,33,45,78
eminencemakishi,Mr.KINJO Eminence inn Makishi,2026/09/14,43,35,78
eminencemakishi,Mr.KINJO Eminence inn Makishi,2026/09/15,38,40,78
eminencemakishi,Mr.KINJO Eminence inn Makishi,2026/09/16,43,35,78
eminencemakishi,Mr.KINJO Eminence inn Makishi,2026/09/17,42,36,78
eminencemakishi,Mr.KINJO Eminence inn Makishi,2026/09/18,42,36,78
eminencemakishi,Mr.KINJO Eminence inn Makishi,2026/09/19,35,43,78
eminencemakishi,Mr.KINJO Eminence inn Makishi,2026/09/20,37,41,78
eminencemakishi,Mr.KINJO Eminence inn Makishi,2026/09/21,41,37,78
eminencemakishi,Mr.KINJO Eminence inn Makishi,2026/09/22,42,36,78
eminencemakishi,Mr.KINJO Eminence inn Makishi,2026/09/23,49,29,78
eminencemakishi,Mr.KINJO Eminence inn Makishi,2026/09/24,53,25,78
eminencemakishi,Mr.KINJO Eminence inn Makishi,2026/09/25,51,27,78
eminencemakishi,Mr.KINJO Eminence inn Makishi,2026/09/26,52,26,78
eminencemakishi,Mr.KINJO Eminence inn Makishi,2026/09/27,57,21,78
eminencemakishi,Mr.KINJO Eminence inn Makishi,2026/09/28,60,18,78
violette,Mr.KINJO in VIOLETTE 空港前,2026/08/30,2,17,19
violette,Mr.KINJO in VIOLETTE 空港前,2026/08/31,0,19,19
violette,Mr.KINJO in VIOLETTE 空港前,2026/09/01,10,9,19
violette,Mr.KINJO in VIOLETTE 空港前,2026/09/02,8,11,19
violette,Mr.KINJO in VIOLETTE 空港前,2026/09/03,4,15,19
violette,Mr.KINJO in VIOLETTE 空港前,2026/09/04,2,17,19
violette,Mr.KINJO in VIOLETTE 空港前,2026/09/05,14,5,19
violette,Mr.KINJO in VIOLETTE 空港前,2026/09/06,12,7,19
violette,Mr.KINJO in VIOLETTE 空港前,2026/09/07,17,2,19
violette,Mr.KINJO in VIOLETTE 空港前,2026/09/08,10,9,19
violette,Mr.KINJO in VIOLETTE 空港前,2026/09/09,6,13,19
violette,Mr.KINJO in VIOLETTE 空港前,2026/09/10,1,18,19
violette,Mr.KINJO in VIOLETTE 空港前,2026/09/11,8,11,19
violette,Mr.KINJO in VIOLETTE 空港前,2026/09/12,12,7,19
violette,Mr.KINJO in VIOLETTE 空港前,2026/09/13,9,10,19
violette,Mr.KINJO in VIOLETTE 空港前,2026/09/14,7,12,19
violette,Mr.KINJO in VIOLETTE 空港前,2026/09/15,11,8,19
violette,Mr.KINJO in VIOLETTE 空港前,2026/09/16,15,4,19
violette,Mr.KINJO in VIOLETTE 空港前,2026/09/17,14,5,19
violette,Mr.KINJO in VIOLETTE 空港前,2026/09/18,14,5,19
violette,Mr.KINJO in VIOLETTE 空港前,2026/09/19,7,12,19
violette,Mr.KINJO in VIOLETTE 空港前,2026/09/20,13,6,19
violette,Mr.KINJO in VIOLETTE 空港前,2026/09/21,15,4,19
violette,Mr.KINJO in VIOLETTE 空港前,2026/09/22,16,3,19
violette,Mr.KINJO in VIOLETTE 空港前,2026/09/23,15,4,19
violette,Mr.KINJO in VIOLETTE 空港前,2026/09/24,10,9,19
violette,Mr.KINJO in VIOLETTE 空港前,2026/09/25,15,4,19
violette,Mr.KINJO in VIOLETTE 空港前,2026/09/26,11,8,19
violette,Mr.KINJO in VIOLETTE 空港前,2026/09/27,13,6,19
violette,Mr.KINJO in VIOLETTE 空港前,2026/09/28,12,7,19
premiumterrace,Mr.KINJO in PREMIUM TERRACE CHATAN,2026/08/30,1,18,19
premiumterrace,Mr.KINJO in PREMIUM TERRACE CHATAN,2026/08/31,5,14,19
premiumterrace,Mr.KINJO in PREMIUM TERRACE CHATAN,2026/09/01,3,16,19
premiumterrace,Mr.KINJO in PREMIUM TERRACE CHATAN,2026/09/02,4,15,19
premiumterrace,Mr.KINJO in PREMIUM TERRACE CHATAN,2026/09/03,5,14,19
premiumterrace,Mr.KINJO in PREMIUM TERRACE CHATAN,2026/09/04,5,14,19
premiumterrace,Mr.KINJO in PREMIUM TERRACE CHATAN,2026/09/05,5,14,19
premiumterrace,Mr.KINJO in PREMIUM TERRACE CHATAN,2026/09/06,6,13,19
premiumterrace,Mr.KINJO in PREMIUM TERRACE CHATAN,2026/09/07,11,8,19
premiumterrace,Mr.KINJO in PREMIUM TERRACE CHATAN,2026/09/08,6,13,19
premiumterrace,Mr.KINJO in PREMIUM TERRACE CHATAN,2026/09/09,4,15,19
premiumterrace,Mr.KINJO in PREMIUM TERRACE CHATAN,2026/09/10,11,8,19
premiumterrace,Mr.KINJO in PREMIUM TERRACE CHATAN,2026/09/11,8,11,19
premiumterrace,Mr.KINJO in PREMIUM TERRACE CHATAN,2026/09/12,5,14,19
premiumterrace,Mr.KINJO in PREMIUM TERRACE CHATAN,2026/09/13,8,11,19
premiumterrace,Mr.KINJO in PREMIUM TERRACE CHATAN,2026/09/14,7,12,19
premiumterrace,Mr.KINJO in PREMIUM TERRACE CHATAN,2026/09/15,7,12,19
premiumterrace,Mr.KINJO in PREMIUM TERRACE CHATAN,2026/09/16,6,13,19
premiumterrace,Mr.KINJO in PREMIUM TERRACE CHATAN,2026/09/17,12,7,19
premiumterrace,Mr.KINJO in PREMIUM TERRACE CHATAN,2026/09/18,10,9,19
premiumterrace,Mr.KINJO in PREMIUM TERRACE CHATAN,2026/09/19,6,13,19
premiumterrace,Mr.KINJO in PREMIUM TERRACE CHATAN,2026/09/20,6,13,19
premiumterrace,Mr.KINJO in PREMIUM TERRACE CHATAN,2026/09/21,5,14,19
premiumterrace,Mr.KINJO in PREMIUM TERRACE CHATAN,2026/09/22,7,12,19
premiumterrace,Mr.KINJO in PREMIUM TERRACE CHATAN,2026/09/23,16,3,19
premiumterrace,Mr.KINJO in PREMIUM TERRACE CHATAN,2026/09/24,16,3,19
premiumterrace,Mr.KINJO in PREMIUM TERRACE CHATAN,2026/09/25,16,3,19
premiumterrace,Mr.KINJO in PREMIUM TERRACE CHATAN,2026/09/26,7,12,19
premiumterrace,Mr.KINJO in PREMIUM TERRACE CHATAN,2026/09/27,4,15,19
premiumterrace,Mr.KINJO in PREMIUM TERRACE CHATAN,2026/09/28,9,10,19
dbuil,Mr.KINJO inn D-buil,2026/08/30,2,28,30
dbuil,Mr.KINJO inn D-buil,2026/08/31,12,18,30
dbuil,Mr.KINJO inn D-buil,2026/09/01,8,22,30
dbuil,Mr.KINJO inn D-buil,2026/09/02,10,20,30
dbuil,Mr.KINJO inn D-buil,2026/09/03,15,15,30
dbuil,Mr.KINJO inn D-buil,2026/09/04,16,14,30
dbuil,Mr.KINJO inn D-buil,2026/09/05,10,20,30
dbuil,Mr.KINJO inn D-buil,2026/09/06,13,17,30
dbuil,Mr.KINJO inn D-buil,2026/09/07,17,13,30
dbuil,Mr.KINJO inn D-buil,2026/09/08,16,14,30
dbuil,Mr.KINJO inn D-buil,2026/09/09,9,21,30
dbuil,Mr.KINJO inn D-buil,2026/09/10,12,18,30
dbuil,Mr.KINJO inn D-buil,2026/09/11,17,13,30
dbuil,Mr.KINJO inn D-buil,2026/09/12,20,10,30
dbuil,Mr.KINJO inn D-buil,2026/09/13,17,13,30
dbuil,Mr.KINJO inn D-buil,2026/09/14,18,12,30
dbuil,Mr.KINJO inn D-buil,2026/09/15,14,16,30
dbuil,Mr.KINJO inn D-buil,2026/09/16,17,13,30
dbuil,Mr.KINJO inn D-buil,2026/09/17,19,11,30
dbuil,Mr.KINJO inn D-buil,2026/09/18,17,13,30
dbuil,Mr.KINJO inn D-buil,2026/09/19,15,15,30
dbuil,Mr.KINJO inn D-buil,2026/09/20,8,22,30
dbuil,Mr.KINJO inn D-buil,2026/09/21,5,25,30
dbuil,Mr.KINJO inn D-buil,2026/09/22,15,15,30
dbuil,Mr.KINJO inn D-buil,2026/09/23,25,5,30
dbuil,Mr.KINJO inn D-buil,2026/09/24,24,6,30
dbuil,Mr.KINJO inn D-buil,2026/09/25,23,7,30
dbuil,Mr.KINJO inn D-buil,2026/09/26,22,8,30
dbuil,Mr.KINJO inn D-buil,2026/09/27,22,8,30
dbuil,Mr.KINJO inn D-buil,2026/09/28,21,9,30
uchidomari,Mr.KINJO in UCHIDOMARI,2026/08/30,5,16,21
uchidomari,Mr.KINJO in UCHIDOMARI,2026/08/31,6,15,21
uchidomari,Mr.KINJO in UCHIDOMARI,2026/09/01,3,18,21
uchidomari,Mr.KINJO in UCHIDOMARI,2026/09/02,9,12,21
uchidomari,Mr.KINJO in UCHIDOMARI,2026/09/03,7,14,21
uchidomari,Mr.KINJO in UCHIDOMARI,2026/09/04,9,12,21
uchidomari,Mr.KINJO in UCHIDOMARI,2026/09/05,8,13,21
uchidomari,Mr.KINJO in UCHIDOMARI,2026/09/06,9,12,21
uchidomari,Mr.KINJO in UCHIDOMARI,2026/09/07,5,16,21
uchidomari,Mr.KINJO in UCHIDOMARI,2026/09/08,7,14,21
uchidomari,Mr.KINJO in UCHIDOMARI,2026/09/09,7,14,21
uchidomari,Mr.KINJO in UCHIDOMARI,2026/09/10,9,12,21
uchidomari,Mr.KINJO in UCHIDOMARI,2026/09/11,11,10,21
uchidomari,Mr.KINJO in UCHIDOMARI,2026/09/12,9,12,21
uchidomari,Mr.KINJO in UCHIDOMARI,2026/09/13,14,7,21
uchidomari,Mr.KINJO in UCHIDOMARI,2026/09/14,9,12,21
uchidomari,Mr.KINJO in UCHIDOMARI,2026/09/15,9,12,21
uchidomari,Mr.KINJO in UCHIDOMARI,2026/09/16,9,12,21
uchidomari,Mr.KINJO in UCHIDOMARI,2026/09/17,8,13,21
uchidomari,Mr.KINJO in UCHIDOMARI,2026/09/18,18,3,21
uchidomari,Mr.KINJO in UCHIDOMARI,2026/09/19,6,15,21
uchidomari,Mr.KINJO in UCHIDOMARI,2026/09/20,15,6,21
uchidomari,Mr.KINJO in UCHIDOMARI,2026/09/21,12,9,21
uchidomari,Mr.KINJO in UCHIDOMARI,2026/09/22,13,8,21
uchidomari,Mr.KINJO in UCHIDOMARI,2026/09/23,13,8,21
uchidomari,Mr.KINJO in UCHIDOMARI,2026/09/24,15,6,21
uchidomari,Mr.KINJO in UCHIDOMARI,2026/09/25,14,7,21
uchidomari,Mr.KINJO in UCHIDOMARI,2026/09/26,8,13,21
uchidomari,Mr.KINJO in UCHIDOMARI,2026/09/27,14,7,21
uchidomari,Mr.KINJO in UCHIDOMARI,2026/09/28,15,6,21
mihara,Mr.KINJO in MIHARA,2026/08/30,1,22,23
mihara,Mr.KINJO in MIHARA,2026/08/31,6,17,23
mihara,Mr.KINJO in MIHARA,2026/09/01,7,16,23
mihara,Mr.KINJO in MIHARA,2026/09/02,8,15,23
mihara,Mr.KINJO in MIHARA,2026/09/03,8,15,23
mihara,Mr.KINJO in MIHARA,2026/09/04,7,16,23
mihara,Mr.KINJO in MIHARA,2026/09/05,6,17,23
mihara,Mr.KINJO in MIHARA,2026/09/06,7,16,23
mihara,Mr.KINJO in MIHARA,2026/09/07,8,15,23
mihara,Mr.KINJO in MIHARA,2026/09/08,11,12,23
mihara,Mr.KINJO in MIHARA,2026/09/09,10,13,23
mihara,Mr.KINJO in MIHARA,2026/09/10,9,14,23
mihara,Mr.KINJO in MIHARA,2026/09/11,8,15,23
mihara,Mr.KINJO in MIHARA,2026/09/12,8,15,23
mihara,Mr.KINJO in MIHARA,2026/09/13,11,12,23
mihara,Mr.KINJO in MIHARA,2026/09/14,9,14,23
mihara,Mr.KINJO in MIHARA,2026/09/15,9,14,23
mihara,Mr.KINJO in MIHARA,2026/09/16,9,14,23
mihara,Mr.KINJO in MIHARA,2026/09/17,7,16,23
mihara,Mr.KINJO in MIHARA,2026/09/18,14,9,23
mihara,Mr.KINJO in MIHARA,2026/09/19,14,9,23
mihara,Mr.KINJO in MIHARA,2026/09/20,15,8,23
mihara,Mr.KINJO in MIHARA,2026/09/21,15,8,23
mihara,Mr.KINJO in MIHARA,2026/09/22,17,6,23
mihara,Mr.KINJO in MIHARA,2026/09/23,17,6,23
mihara,Mr.KINJO in MIHARA,2026/09/24,17,6,23
mihara,Mr.KINJO in MIHARA,2026/09/25,17,6,23
mihara,Mr.KINJO in MIHARA,2026/09/26,11,12,23
mihara,Mr.KINJO in MIHARA,2026/09/27,11,12,23
mihara,Mr.KINJO in MIHARA,2026/09/28,13,10,23
ishikawa,Mr.KINJO in 石川インター,2026/08/30,9,18,27
ishikawa,Mr.KINJO in 石川インター,2026/08/31,10,17,27
ishikawa,Mr.KINJO in 石川インター,2026/09/01,13,14,27
ishikawa,Mr.KINJO in 石川インター,2026/09/02,8,19,27
ishikawa,Mr.KINJO in 石川インター,2026/09/03,3,24,27
ishikawa,Mr.KINJO in 石川インター,2026/09/04,12,15,27
ishikawa,Mr.KINJO in 石川インター,2026/09/05,14,13,27
ishikawa,Mr.KINJO in 石川インター,2026/09/06,20,7,27
ishikawa,Mr.KINJO in 石川インター,2026/09/07,20,7,27
ishikawa,Mr.KINJO in 石川インター,2026/09/08,20,7,27
ishikawa,Mr.KINJO in 石川インター,2026/09/09,19,8,27
ishikawa,Mr.KINJO in 石川インター,2026/09/10,13,14,27
ishikawa,Mr.KINJO in 石川インター,2026/09/11,15,12,27
ishikawa,Mr.KINJO in 石川インター,2026/09/12,23,4,27
ishikawa,Mr.KINJO in 石川インター,2026/09/13,24,3,27
ishikawa,Mr.KINJO in 石川インター,2026/09/14,17,10,27
ishikawa,Mr.KINJO in 石川インター,2026/09/15,18,9,27
ishikawa,Mr.KINJO in 石川インター,2026/09/16,18,9,27
ishikawa,Mr.KINJO in 石川インター,2026/09/17,13,14,27
ishikawa,Mr.KINJO in 石川インター,2026/09/18,21,6,27
ishikawa,Mr.KINJO in 石川インター,2026/09/19,22,5,27
ishikawa,Mr.KINJO in 石川インター,2026/09/20,24,3,27
ishikawa,Mr.KINJO in 石川インター,2026/09/21,23,4,27
ishikawa,Mr.KINJO in 石川インター,2026/09/22,22,5,27
ishikawa,Mr.KINJO in 石川インター,2026/09/23,16,11,27
ishikawa,Mr.KINJO in 石川インター,2026/09/24,19,8,27
ishikawa,Mr.KINJO in 石川インター,2026/09/25,22,5,27
ishikawa,Mr.KINJO in 石川インター,2026/09/26,24,3,27
ishikawa,Mr.KINJO in 石川インター,2026/09/27,23,4,27
ishikawa,Mr.KINJO in 石川インター,2026/09/28,25,2,27
alahastyle,Mr.KINJO in Alaha Style,2026/08/30,5,16,21
alahastyle,Mr.KINJO in Alaha Style,2026/08/31,6,15,21
alahastyle,Mr.KINJO in Alaha Style,2026/09/01,7,14,21
alahastyle,Mr.KINJO in Alaha Style,2026/09/02,6,15,21
alahastyle,Mr.KINJO in Alaha Style,2026/09/03,14,7,21
alahastyle,Mr.KINJO in Alaha Style,2026/09/04,6,15,21
alahastyle,Mr.KINJO in Alaha Style,2026/09/05,3,18,21
alahastyle,Mr.KINJO in Alaha Style,2026/09/06,7,14,21
alahastyle,Mr.KINJO in Alaha Style,2026/09/07,9,12,21
alahastyle,Mr.KINJO in Alaha Style,2026/09/08,10,11,21
alahastyle,Mr.KINJO in Alaha Style,2026/09/09,12,9,21
alahastyle,Mr.KINJO in Alaha Style,2026/09/10,13,8,21
alahastyle,Mr.KINJO in Alaha Style,2026/09/11,12,9,21
alahastyle,Mr.KINJO in Alaha Style,2026/09/12,1,20,21
alahastyle,Mr.KINJO in Alaha Style,2026/09/13,2,19,21
alahastyle,Mr.KINJO in Alaha Style,2026/09/14,2,19,21
alahastyle,Mr.KINJO in Alaha Style,2026/09/15,5,16,21
alahastyle,Mr.KINJO in Alaha Style,2026/09/16,4,17,21
alahastyle,Mr.KINJO in Alaha Style,2026/09/17,5,16,21
alahastyle,Mr.KINJO in Alaha Style,2026/09/18,12,9,21
alahastyle,Mr.KINJO in Alaha Style,2026/09/19,10,11,21
alahastyle,Mr.KINJO in Alaha Style,2026/09/20,11,10,21
alahastyle,Mr.KINJO in Alaha Style,2026/09/21,11,10,21
alahastyle,Mr.KINJO in Alaha Style,2026/09/22,15,6,21
alahastyle,Mr.KINJO in Alaha Style,2026/09/23,16,5,21
alahastyle,Mr.KINJO in Alaha Style,2026/09/24,18,3,21
alahastyle,Mr.KINJO in Alaha Style,2026/09/25,14,7,21
alahastyle,Mr.KINJO in Alaha Style,2026/09/26,11,10,21
alahastyle,Mr.KINJO in Alaha Style,2026/09/27,10,11,21
alahastyle,Mr.KINJO in Alaha Style,2026/09/28,15,6,21
tsubogawa,Mr.KINJO in Shanti Van 壺川駅,2026/08/30,0,31,31
tsubogawa,Mr.KINJO in Shanti Van 壺川駅,2026/08/31,4,27,31
tsubogawa,Mr.KINJO in Shanti Van 壺川駅,2026/09/01,3,28,31
tsubogawa,Mr.KINJO in Shanti Van 壺川駅,2026/09/02,7,24,31
tsubogawa,Mr.KINJO in Shanti Van 壺川駅,2026/09/03,5,26,31
tsubogawa,Mr.KINJO in Shanti Van 壺川駅,2026/09/04,11,20,31
tsubogawa,Mr.KINJO in Shanti Van 壺川駅,2026/09/05,12,19,31
tsubogawa,Mr.KINJO in Shanti Van 壺川駅,2026/09/06,11,20,31
tsubogawa,Mr.KINJO in Shanti Van 壺川駅,2026/09/07,17,14,31
tsubogawa,Mr.KINJO in Shanti Van 壺川駅,2026/09/08,14,17,31
tsubogawa,Mr.KINJO in Shanti Van 壺川駅,2026/09/09,13,18,31
tsubogawa,Mr.KINJO in Shanti Van 壺川駅,2026/09/10,13,18,31
tsubogawa,Mr.KINJO in Shanti Van 壺川駅,2026/09/11,14,17,31
tsubogawa,Mr.KINJO in Shanti Van 壺川駅,2026/09/12,12,19,31
tsubogawa,Mr.KINJO in Shanti Van 壺川駅,2026/09/13,19,12,31
tsubogawa,Mr.KINJO in Shanti Van 壺川駅,2026/09/14,18,13,31
tsubogawa,Mr.KINJO in Shanti Van 壺川駅,2026/09/15,16,15,31
tsubogawa,Mr.KINJO in Shanti Van 壺川駅,2026/09/16,12,19,31
tsubogawa,Mr.KINJO in Shanti Van 壺川駅,2026/09/17,15,16,31
tsubogawa,Mr.KINJO in Shanti Van 壺川駅,2026/09/18,17,14,31
tsubogawa,Mr.KINJO in Shanti Van 壺川駅,2026/09/19,14,17,31
tsubogawa,Mr.KINJO in Shanti Van 壺川駅,2026/09/20,10,21,31
tsubogawa,Mr.KINJO in Shanti Van 壺川駅,2026/09/21,12,19,31
tsubogawa,Mr.KINJO in Shanti Van 壺川駅,2026/09/22,15,16,31
tsubogawa,Mr.KINJO in Shanti Van 壺川駅,2026/09/23,10,21,31
tsubogawa,Mr.KINJO in Shanti Van 壺川駅,2026/09/24,11,20,31
tsubogawa,Mr.KINJO in Shanti Van 壺川駅,2026/09/25,11,20,31
tsubogawa,Mr.KINJO in Shanti Van 壺川駅,2026/09/26,12,19,31
tsubogawa,Mr.KINJO in Shanti Van 壺川駅,2026/09/27,14,17,31
tsubogawa,Mr.KINJO in Shanti Van 壺川駅,2026/09/28,15,16,31
nishizaki,Mr.KINJO in NISHIZAKI,2026/08/30,11,33,44
nishizaki,Mr.KINJO in NISHIZAKI,2026/08/31,19,25,44
nishizaki,Mr.KINJO in NISHIZAKI,2026/09/01,12,32,44
nishizaki,Mr.KINJO in NISHIZAKI,2026/09/02,9,35,44
nishizaki,Mr.KINJO in NISHIZAKI,2026/09/03,5,39,44
nishizaki,Mr.KINJO in NISHIZAKI,2026/09/04,13,31,44
nishizaki,Mr.KINJO in NISHIZAKI,2026/09/05,21,23,44
nishizaki,Mr.KINJO in NISHIZAKI,2026/09/06,22,22,44
nishizaki,Mr.KINJO in NISHIZAKI,2026/09/07,17,27,44
nishizaki,Mr.KINJO in NISHIZAKI,2026/09/08,21,23,44
nishizaki,Mr.KINJO in NISHIZAKI,2026/09/09,19,25,44
nishizaki,Mr.KINJO in NISHIZAKI,2026/09/10,24,20,44
nishizaki,Mr.KINJO in NISHIZAKI,2026/09/11,21,23,44
nishizaki,Mr.KINJO in NISHIZAKI,2026/09/12,22,22,44
nishizaki,Mr.KINJO in NISHIZAKI,2026/09/13,24,20,44
nishizaki,Mr.KINJO in NISHIZAKI,2026/09/14,27,17,44
nishizaki,Mr.KINJO in NISHIZAKI,2026/09/15,32,12,44
nishizaki,Mr.KINJO in NISHIZAKI,2026/09/16,31,13,44
nishizaki,Mr.KINJO in NISHIZAKI,2026/09/17,34,10,44
nishizaki,Mr.KINJO in NISHIZAKI,2026/09/18,33,11,44
nishizaki,Mr.KINJO in NISHIZAKI,2026/09/19,32,12,44
nishizaki,Mr.KINJO in NISHIZAKI,2026/09/20,34,10,44
nishizaki,Mr.KINJO in NISHIZAKI,2026/09/21,36,8,44
nishizaki,Mr.KINJO in NISHIZAKI,2026/09/22,37,7,44
nishizaki,Mr.KINJO in NISHIZAKI,2026/09/23,36,8,44
nishizaki,Mr.KINJO in NISHIZAKI,2026/09/24,35,9,44
nishizaki,Mr.KINJO in NISHIZAKI,2026/09/25,30,14,44
nishizaki,Mr.KINJO in NISHIZAKI,2026/09/26,20,24,44
nishizaki,Mr.KINJO in NISHIZAKI,2026/09/27,36,8,44
nishizaki,Mr.KINJO in NISHIZAKI,2026/09/28,31,13,44
asahibashi,Mr.KINJO in 旭橋駅前,2026/08/30,4,24,28
asahibashi,Mr.KINJO in 旭橋駅前,2026/08/31,9,19,28
asahibashi,Mr.KINJO in 旭橋駅前,2026/09/01,8,20,28
asahibashi,Mr.KINJO in 旭橋駅前,2026/09/02,5,23,28
asahibashi,Mr.KINJO in 旭橋駅前,2026/09/03,9,19,28
asahibashi,Mr.KINJO in 旭橋駅前,2026/09/04,7,21,28
asahibashi,Mr.KINJO in 旭橋駅前,2026/09/05,4,24,28
asahibashi,Mr.KINJO in 旭橋駅前,2026/09/06,8,20,28
asahibashi,Mr.KINJO in 旭橋駅前,2026/09/07,9,19,28
asahibashi,Mr.KINJO in 旭橋駅前,2026/09/08,11,17,28
asahibashi,Mr.KINJO in 旭橋駅前,2026/09/09,9,19,28
asahibashi,Mr.KINJO in 旭橋駅前,2026/09/10,1,27,28
asahibashi,Mr.KINJO in 旭橋駅前,2026/09/11,2,26,28
asahibashi,Mr.KINJO in 旭橋駅前,2026/09/12,5,23,28
asahibashi,Mr.KINJO in 旭橋駅前,2026/09/13,10,18,28
asahibashi,Mr.KINJO in 旭橋駅前,2026/09/14,7,21,28
asahibashi,Mr.KINJO in 旭橋駅前,2026/09/15,7,21,28
asahibashi,Mr.KINJO in 旭橋駅前,2026/09/16,4,24,28
asahibashi,Mr.KINJO in 旭橋駅前,2026/09/17,7,21,28
asahibashi,Mr.KINJO in 旭橋駅前,2026/09/18,6,22,28
asahibashi,Mr.KINJO in 旭橋駅前,2026/09/19,5,23,28
asahibashi,Mr.KINJO in 旭橋駅前,2026/09/20,2,26,28
asahibashi,Mr.KINJO in 旭橋駅前,2026/09/21,10,18,28
asahibashi,Mr.KINJO in 旭橋駅前,2026/09/22,12,16,28
asahibashi,Mr.KINJO in 旭橋駅前,2026/09/23,14,14,28
asahibashi,Mr.KINJO in 旭橋駅前,2026/09/24,13,15,28
asahibashi,Mr.KINJO in 旭橋駅前,2026/09/25,13,15,28
asahibashi,Mr.KINJO in 旭橋駅前,2026/09/26,12,16,28
asahibashi,Mr.KINJO in 旭橋駅前,2026/09/27,17,11,28
asahibashi,Mr.KINJO in 旭橋駅前,2026/09/28,17,11,28
nishihara,Mr.KINJO in 西原インター,2026/08/30,0,24,24
nishihara,Mr.KINJO in 西原インター,2026/08/31,2,22,24
nishihara,Mr.KINJO in 西原インター,2026/09/01,6,18,24
nishihara,Mr.KINJO in 西原インター,2026/09/02,5,19,24
nishihara,Mr.KINJO in 西原インター,2026/09/03,11,13,24
nishihara,Mr.KINJO in 西原インター,2026/09/04,14,10,24
nishihara,Mr.KINJO in 西原インター,2026/09/05,12,12,24
nishihara,Mr.KINJO in 西原インター,2026/09/06,12,12,24
nishihara,Mr.KINJO in 西原インター,2026/09/07,11,13,24
nishihara,Mr.KINJO in 西原インター,2026/09/08,8,16,24
nishihara,Mr.KINJO in 西原インター,2026/09/09,15,9,24
nishihara,Mr.KINJO in 西原インター,2026/09/10,10,14,24
nishihara,Mr.KINJO in 西原インター,2026/09/11,11,13,24
nishihara,Mr.KINJO in 西原インター,2026/09/12,9,15,24
nishihara,Mr.KINJO in 西原インター,2026/09/13,17,7,24
nishihara,Mr.KINJO in 西原インター,2026/09/14,15,9,24
nishihara,Mr.KINJO in 西原インター,2026/09/15,16,8,24
nishihara,Mr.KINJO in 西原インター,2026/09/16,16,8,24
nishihara,Mr.KINJO in 西原インター,2026/09/17,14,10,24
nishihara,Mr.KINJO in 西原インター,2026/09/18,17,7,24
nishihara,Mr.KINJO in 西原インター,2026/09/19,14,10,24
nishihara,Mr.KINJO in 西原インター,2026/09/20,16,8,24
nishihara,Mr.KINJO in 西原インター,2026/09/21,16,8,24
nishihara,Mr.KINJO in 西原インター,2026/09/22,17,7,24
nishihara,Mr.KINJO in 西原インター,2026/09/23,16,8,24
nishihara,Mr.KINJO in 西原インター,2026/09/24,18,6,24
nishihara,Mr.KINJO in 西原インター,2026/09/25,17,7,24
nishihara,Mr.KINJO in 西原インター,2026/09/26,10,14,24
nishihara,Mr.KINJO in 西原インター,2026/09/27,15,9,24
nishihara,Mr.KINJO in 西原インター,2026/09/28,20,4,24
minamiuebaru,Mr.KINJO in MINAMIUEBARU,2026/08/30,5,19,24
minamiuebaru,Mr.KINJO in MINAMIUEBARU,2026/08/31,4,20,24
minamiuebaru,Mr.KINJO in MINAMIUEBARU,2026/09/01,11,13,24
minamiuebaru,Mr.KINJO in MINAMIUEBARU,2026/09/02,7,17,24
minamiuebaru,Mr.KINJO in MINAMIUEBARU,2026/09/03,6,18,24
minamiuebaru,Mr.KINJO in MINAMIUEBARU,2026/09/04,17,7,24
minamiuebaru,Mr.KINJO in MINAMIUEBARU,2026/09/05,9,15,24
minamiuebaru,Mr.KINJO in MINAMIUEBARU,2026/09/06,8,16,24
minamiuebaru,Mr.KINJO in MINAMIUEBARU,2026/09/07,12,12,24
minamiuebaru,Mr.KINJO in MINAMIUEBARU,2026/09/08,10,14,24
minamiuebaru,Mr.KINJO in MINAMIUEBARU,2026/09/09,14,10,24
minamiuebaru,Mr.KINJO in MINAMIUEBARU,2026/09/10,14,10,24
minamiuebaru,Mr.KINJO in MINAMIUEBARU,2026/09/11,18,6,24
minamiuebaru,Mr.KINJO in MINAMIUEBARU,2026/09/12,20,4,24
minamiuebaru,Mr.KINJO in MINAMIUEBARU,2026/09/13,18,6,24
minamiuebaru,Mr.KINJO in MINAMIUEBARU,2026/09/14,17,7,24
minamiuebaru,Mr.KINJO in MINAMIUEBARU,2026/09/15,17,7,24
minamiuebaru,Mr.KINJO in MINAMIUEBARU,2026/09/16,20,4,24
minamiuebaru,Mr.KINJO in MINAMIUEBARU,2026/09/17,20,4,24
minamiuebaru,Mr.KINJO in MINAMIUEBARU,2026/09/18,21,3,24
minamiuebaru,Mr.KINJO in MINAMIUEBARU,2026/09/19,19,5,24
minamiuebaru,Mr.KINJO in MINAMIUEBARU,2026/09/20,18,6,24
minamiuebaru,Mr.KINJO in MINAMIUEBARU,2026/09/21,19,5,24
minamiuebaru,Mr.KINJO in MINAMIUEBARU,2026/09/22,21,3,24
minamiuebaru,Mr.KINJO in MINAMIUEBARU,2026/09/23,18,6,24
minamiuebaru,Mr.KINJO in MINAMIUEBARU,2026/09/24,10,14,24
minamiuebaru,Mr.KINJO in MINAMIUEBARU,2026/09/25,7,17,24
minamiuebaru,Mr.KINJO in MINAMIUEBARU,2026/09/26,13,11,24
minamiuebaru,Mr.KINJO in MINAMIUEBARU,2026/09/27,7,17,24
minamiuebaru,Mr.KINJO in MINAMIUEBARU,2026/09/28,8,16,24
motobu,Mr.KINJO in MOTOBU OCEAN TERRACE,2026/08/30,19,17,36
motobu,Mr.KINJO in MOTOBU OCEAN TERRACE,2026/08/31,15,21,36
motobu,Mr.KINJO in MOTOBU OCEAN TERRACE,2026/09/01,19,17,36
motobu,Mr.KINJO in MOTOBU OCEAN TERRACE,2026/09/02,22,14,36
motobu,Mr.KINJO in MOTOBU OCEAN TERRACE,2026/09/03,15,21,36
motobu,Mr.KINJO in MOTOBU OCEAN TERRACE,2026/09/04,15,21,36
motobu,Mr.KINJO in MOTOBU OCEAN TERRACE,2026/09/05,13,23,36
motobu,Mr.KINJO in MOTOBU OCEAN TERRACE,2026/09/06,20,16,36
motobu,Mr.KINJO in MOTOBU OCEAN TERRACE,2026/09/07,18,18,36
motobu,Mr.KINJO in MOTOBU OCEAN TERRACE,2026/09/08,30,6,36
motobu,Mr.KINJO in MOTOBU OCEAN TERRACE,2026/09/09,22,14,36
motobu,Mr.KINJO in MOTOBU OCEAN TERRACE,2026/09/10,13,23,36
motobu,Mr.KINJO in MOTOBU OCEAN TERRACE,2026/09/11,17,19,36
motobu,Mr.KINJO in MOTOBU OCEAN TERRACE,2026/09/12,11,25,36
motobu,Mr.KINJO in MOTOBU OCEAN TERRACE,2026/09/13,15,21,36
motobu,Mr.KINJO in MOTOBU OCEAN TERRACE,2026/09/14,17,19,36
motobu,Mr.KINJO in MOTOBU OCEAN TERRACE,2026/09/15,19,17,36
motobu,Mr.KINJO in MOTOBU OCEAN TERRACE,2026/09/16,19,17,36
motobu,Mr.KINJO in MOTOBU OCEAN TERRACE,2026/09/17,14,22,36
motobu,Mr.KINJO in MOTOBU OCEAN TERRACE,2026/09/18,11,25,36
motobu,Mr.KINJO in MOTOBU OCEAN TERRACE,2026/09/19,6,30,36
motobu,Mr.KINJO in MOTOBU OCEAN TERRACE,2026/09/20,12,24,36
motobu,Mr.KINJO in MOTOBU OCEAN TERRACE,2026/09/21,6,30,36
motobu,Mr.KINJO in MOTOBU OCEAN TERRACE,2026/09/22,17,19,36
motobu,Mr.KINJO in MOTOBU OCEAN TERRACE,2026/09/23,25,11,36
motobu,Mr.KINJO in MOTOBU OCEAN TERRACE,2026/09/24,26,10,36
motobu,Mr.KINJO in MOTOBU OCEAN TERRACE,2026/09/25,28,8,36
motobu,Mr.KINJO in MOTOBU OCEAN TERRACE,2026/09/26,31,5,36
motobu,Mr.KINJO in MOTOBU OCEAN TERRACE,2026/09/27,30,6,36
motobu,Mr.KINJO in MOTOBU OCEAN TERRACE,2026/09/28,27,9,36
sakaemachi,Mr.KINJO in SAKAEMACHI,2026/08/30,5,29,34
sakaemachi,Mr.KINJO in SAKAEMACHI,2026/08/31,5,29,34
sakaemachi,Mr.KINJO in SAKAEMACHI,2026/09/01,7,27,34
sakaemachi,Mr.KINJO in SAKAEMACHI,2026/09/02,8,26,34
sakaemachi,Mr.KINJO in SAKAEMACHI,2026/09/03,10,24,34
sakaemachi,Mr.KINJO in SAKAEMACHI,2026/09/04,8,26,34
sakaemachi,Mr.KINJO in SAKAEMACHI,2026/09/05,9,25,34
sakaemachi,Mr.KINJO in SAKAEMACHI,2026/09/06,11,23,34
sakaemachi,Mr.KINJO in SAKAEMACHI,2026/09/07,10,24,34
sakaemachi,Mr.KINJO in SAKAEMACHI,2026/09/08,11,23,34
sakaemachi,Mr.KINJO in SAKAEMACHI,2026/09/09,16,18,34
sakaemachi,Mr.KINJO in SAKAEMACHI,2026/09/10,17,17,34
sakaemachi,Mr.KINJO in SAKAEMACHI,2026/09/11,18,16,34
sakaemachi,Mr.KINJO in SAKAEMACHI,2026/09/12,14,20,34
sakaemachi,Mr.KINJO in SAKAEMACHI,2026/09/13,18,16,34
sakaemachi,Mr.KINJO in SAKAEMACHI,2026/09/14,16,18,34
sakaemachi,Mr.KINJO in SAKAEMACHI,2026/09/15,14,20,34
sakaemachi,Mr.KINJO in SAKAEMACHI,2026/09/16,17,17,34
sakaemachi,Mr.KINJO in SAKAEMACHI,2026/09/17,17,17,34
sakaemachi,Mr.KINJO in SAKAEMACHI,2026/09/18,22,12,34
sakaemachi,Mr.KINJO in SAKAEMACHI,2026/09/19,15,19,34
sakaemachi,Mr.KINJO in SAKAEMACHI,2026/09/20,13,21,34
sakaemachi,Mr.KINJO in SAKAEMACHI,2026/09/21,19,15,34
sakaemachi,Mr.KINJO in SAKAEMACHI,2026/09/22,22,12,34
sakaemachi,Mr.KINJO in SAKAEMACHI,2026/09/23,20,14,34
sakaemachi,Mr.KINJO in SAKAEMACHI,2026/09/24,20,14,34
sakaemachi,Mr.KINJO in SAKAEMACHI,2026/09/25,24,10,34
sakaemachi,Mr.KINJO in SAKAEMACHI,2026/09/26,19,15,34
sakaemachi,Mr.KINJO in SAKAEMACHI,2026/09/27,16,18,34
sakaemachi,Mr.KINJO in SAKAEMACHI,2026/09/28,22,12,34
gusuku,Mr.KINJO in GUSUKU,2026/08/30,19,15,34
gusuku,Mr.KINJO in GUSUKU,2026/08/31,18,16,34
gusuku,Mr.KINJO in GUSUKU,2026/09/01,17,17,34
gusuku,Mr.KINJO in GUSUKU,2026/09/02,14,20,34
gusuku,Mr.KINJO in GUSUKU,2026/09/03,21,13,34
gusuku,Mr.KINJO in GUSUKU,2026/09/04,19,15,34
gusuku,Mr.KINJO in GUSUKU,2026/09/05,13,21,34
gusuku,Mr.KINJO in GUSUKU,2026/09/06,22,12,34
gusuku,Mr.KINJO in GUSUKU,2026/09/07,20,14,34
gusuku,Mr.KINJO in GUSUKU,2026/09/08,22,12,34
gusuku,Mr.KINJO in GUSUKU,2026/09/09,17,17,34
gusuku,Mr.KINJO in GUSUKU,2026/09/10,14,20,34
gusuku,Mr.KINJO in GUSUKU,2026/09/11,23,11,34
gusuku,Mr.KINJO in GUSUKU,2026/09/12,19,15,34
gusuku,Mr.KINJO in GUSUKU,2026/09/13,26,8,34
gusuku,Mr.KINJO in GUSUKU,2026/09/14,23,11,34
gusuku,Mr.KINJO in GUSUKU,2026/09/15,16,18,34
gusuku,Mr.KINJO in GUSUKU,2026/09/16,22,12,34
gusuku,Mr.KINJO in GUSUKU,2026/09/17,32,2,34
gusuku,Mr.KINJO in GUSUKU,2026/09/18,27,7,34
gusuku,Mr.KINJO in GUSUKU,2026/09/19,10,24,34
gusuku,Mr.KINJO in GUSUKU,2026/09/20,15,19,34
gusuku,Mr.KINJO in GUSUKU,2026/09/21,17,17,34
gusuku,Mr.KINJO in GUSUKU,2026/09/22,27,7,34
gusuku,Mr.KINJO in GUSUKU,2026/09/23,28,6,34
gusuku,Mr.KINJO in GUSUKU,2026/09/24,27,7,34
gusuku,Mr.KINJO in GUSUKU,2026/09/25,27,7,34
gusuku,Mr.KINJO in GUSUKU,2026/09/26,25,9,34
gusuku,Mr.KINJO in GUSUKU,2026/09/27,26,8,34
gusuku,Mr.KINJO in GUSUKU,2026/09/28,23,11,34
uruma,Mr.KINJO in URUMA,2026/08/30,11,17,28
uruma,Mr.KINJO in URUMA,2026/08/31,10,18,28
uruma,Mr.KINJO in URUMA,2026/09/01,9,19,28
uruma,Mr.KINJO in URUMA,2026/09/02,15,13,28
uruma,Mr.KINJO in URUMA,2026/09/03,15,13,28
uruma,Mr.KINJO in URUMA,2026/09/04,8,20,28
uruma,Mr.KINJO in URUMA,2026/09/05,5,23,28
uruma,Mr.KINJO in URUMA,2026/09/06,12,16,28
uruma,Mr.KINJO in URUMA,2026/09/07,17,11,28
uruma,Mr.KINJO in URUMA,2026/09/08,18,10,28
uruma,Mr.KINJO in URUMA,2026/09/09,15,13,28
uruma,Mr.KINJO in URUMA,2026/09/10,13,15,28
uruma,Mr.KINJO in URUMA,2026/09/11,12,16,28
uruma,Mr.KINJO in URUMA,2026/09/12,13,15,28
uruma,Mr.KINJO in URUMA,2026/09/13,13,15,28
uruma,Mr.KINJO in URUMA,2026/09/14,15,13,28
uruma,Mr.KINJO in URUMA,2026/09/15,14,14,28
uruma,Mr.KINJO in URUMA,2026/09/16,17,11,28
uruma,Mr.KINJO in URUMA,2026/09/17,18,10,28
uruma,Mr.KINJO in URUMA,2026/09/18,16,12,28
uruma,Mr.KINJO in URUMA,2026/09/19,8,20,28
uruma,Mr.KINJO in URUMA,2026/09/20,18,10,28
uruma,Mr.KINJO in URUMA,2026/09/21,20,8,28
uruma,Mr.KINJO in URUMA,2026/09/22,22,6,28
uruma,Mr.KINJO in URUMA,2026/09/23,25,3,28
uruma,Mr.KINJO in URUMA,2026/09/24,18,10,28
uruma,Mr.KINJO in URUMA,2026/09/25,18,10,28
uruma,Mr.KINJO in URUMA,2026/09/26,18,10,28
uruma,Mr.KINJO in URUMA,2026/09/27,17,11,28
uruma,Mr.KINJO in URUMA,2026/09/28,25,3,28
goldencats,Mr.KINJO in GOLDEN CATS,2026/08/30,16,26,42
goldencats,Mr.KINJO in GOLDEN CATS,2026/08/31,18,24,42
goldencats,Mr.KINJO in GOLDEN CATS,2026/09/01,20,22,42
goldencats,Mr.KINJO in GOLDEN CATS,2026/09/02,20,22,42
goldencats,Mr.KINJO in GOLDEN CATS,2026/09/03,17,25,42
goldencats,Mr.KINJO in GOLDEN CATS,2026/09/04,12,30,42
goldencats,Mr.KINJO in GOLDEN CATS,2026/09/05,13,29,42
goldencats,Mr.KINJO in GOLDEN CATS,2026/09/06,15,27,42
goldencats,Mr.KINJO in GOLDEN CATS,2026/09/07,7,35,42
goldencats,Mr.KINJO in GOLDEN CATS,2026/09/08,10,32,42
goldencats,Mr.KINJO in GOLDEN CATS,2026/09/09,13,29,42
goldencats,Mr.KINJO in GOLDEN CATS,2026/09/10,7,35,42
goldencats,Mr.KINJO in GOLDEN CATS,2026/09/11,13,29,42
goldencats,Mr.KINJO in GOLDEN CATS,2026/09/12,13,29,42
goldencats,Mr.KINJO in GOLDEN CATS,2026/09/13,17,25,42
goldencats,Mr.KINJO in GOLDEN CATS,2026/09/14,16,26,42
goldencats,Mr.KINJO in GOLDEN CATS,2026/09/15,18,24,42
goldencats,Mr.KINJO in GOLDEN CATS,2026/09/16,22,20,42
goldencats,Mr.KINJO in GOLDEN CATS,2026/09/17,18,24,42
goldencats,Mr.KINJO in GOLDEN CATS,2026/09/18,14,28,42
goldencats,Mr.KINJO in GOLDEN CATS,2026/09/19,13,29,42
goldencats,Mr.KINJO in GOLDEN CATS,2026/09/20,13,29,42
goldencats,Mr.KINJO in GOLDEN CATS,2026/09/21,9,33,42
goldencats,Mr.KINJO in GOLDEN CATS,2026/09/22,8,34,42
goldencats,Mr.KINJO in GOLDEN CATS,2026/09/23,13,29,42
goldencats,Mr.KINJO in GOLDEN CATS,2026/09/24,16,26,42
goldencats,Mr.KINJO in GOLDEN CATS,2026/09/25,19,23,42
goldencats,Mr.KINJO in GOLDEN CATS,2026/09/26,25,17,42
goldencats,Mr.KINJO in GOLDEN CATS,2026/09/27,30,12,42
goldencats,Mr.KINJO in GOLDEN CATS,2026/09/28,32,10,42
miyakoisland,Mr.KINJO MIYAKO ISLAND,2026/08/30,6,23,29
miyakoisland,Mr.KINJO MIYAKO ISLAND,2026/08/31,1,28,29
miyakoisland,Mr.KINJO MIYAKO ISLAND,2026/09/01,3,26,29
miyakoisland,Mr.KINJO MIYAKO ISLAND,2026/09/02,5,24,29
miyakoisland,Mr.KINJO MIYAKO ISLAND,2026/09/03,7,22,29
miyakoisland,Mr.KINJO MIYAKO ISLAND,2026/09/04,9,20,29
miyakoisland,Mr.KINJO MIYAKO ISLAND,2026/09/05,9,20,29
miyakoisland,Mr.KINJO MIYAKO ISLAND,2026/09/06,4,25,29
miyakoisland,Mr.KINJO MIYAKO ISLAND,2026/09/07,0,29,29
miyakoisland,Mr.KINJO MIYAKO ISLAND,2026/09/08,2,27,29
miyakoisland,Mr.KINJO MIYAKO ISLAND,2026/09/09,0,29,29
miyakoisland,Mr.KINJO MIYAKO ISLAND,2026/09/10,1,28,29
miyakoisland,Mr.KINJO MIYAKO ISLAND,2026/09/11,3,26,29
miyakoisland,Mr.KINJO MIYAKO ISLAND,2026/09/12,4,25,29
miyakoisland,Mr.KINJO MIYAKO ISLAND,2026/09/13,2,27,29
miyakoisland,Mr.KINJO MIYAKO ISLAND,2026/09/14,5,24,29
miyakoisland,Mr.KINJO MIYAKO ISLAND,2026/09/15,7,22,29
miyakoisland,Mr.KINJO MIYAKO ISLAND,2026/09/16,6,23,29
miyakoisland,Mr.KINJO MIYAKO ISLAND,2026/09/17,12,17,29
miyakoisland,Mr.KINJO MIYAKO ISLAND,2026/09/18,2,27,29
miyakoisland,Mr.KINJO MIYAKO ISLAND,2026/09/19,3,26,29
miyakoisland,Mr.KINJO MIYAKO ISLAND,2026/09/20,11,18,29
miyakoisland,Mr.KINJO MIYAKO ISLAND,2026/09/21,10,19,29
miyakoisland,Mr.KINJO MIYAKO ISLAND,2026/09/22,5,24,29
miyakoisland,Mr.KINJO MIYAKO ISLAND,2026/09/23,11,18,29
miyakoisland,Mr.KINJO MIYAKO ISLAND,2026/09/24,13,16,29
miyakoisland,Mr.KINJO MIYAKO ISLAND,2026/09/25,18,11,29
miyakoisland,Mr.KINJO MIYAKO ISLAND,2026/09/26,21,8,29
miyakoisland,Mr.KINJO MIYAKO ISLAND,2026/09/27,20,9,29
miyakoisland,Mr.KINJO MIYAKO ISLAND,2026/09/28,14,15,29
kodomobyouin,Mr.KINJO in こども病院前,2026/08/30,14,22,36
kodomobyouin,Mr.KINJO in こども病院前,2026/08/31,24,12,36
kodomobyouin,Mr.KINJO in こども病院前,2026/09/01,22,14,36
kodomobyouin,Mr.KINJO in こども病院前,2026/09/02,20,16,36
kodomobyouin,Mr.KINJO in こども病院前,2026/09/03,20,16,36
kodomobyouin,Mr.KINJO in こども病院前,2026/09/04,17,19,36
kodomobyouin,Mr.KINJO in こども病院前,2026/09/05,9,27,36
kodomobyouin,Mr.KINJO in こども病院前,2026/09/06,10,26,36
kodomobyouin,Mr.KINJO in こども病院前,2026/09/07,8,28,36
kodomobyouin,Mr.KINJO in こども病院前,2026/09/08,9,27,36
kodomobyouin,Mr.KINJO in こども病院前,2026/09/09,12,24,36
kodomobyouin,Mr.KINJO in こども病院前,2026/09/10,10,26,36
kodomobyouin,Mr.KINJO in こども病院前,2026/09/11,17,19,36
kodomobyouin,Mr.KINJO in こども病院前,2026/09/12,18,18,36
kodomobyouin,Mr.KINJO in こども病院前,2026/09/13,22,14,36
kodomobyouin,Mr.KINJO in こども病院前,2026/09/14,20,16,36
kodomobyouin,Mr.KINJO in こども病院前,2026/09/15,23,13,36
kodomobyouin,Mr.KINJO in こども病院前,2026/09/16,23,13,36
kodomobyouin,Mr.KINJO in こども病院前,2026/09/17,24,12,36
kodomobyouin,Mr.KINJO in こども病院前,2026/09/18,27,9,36
kodomobyouin,Mr.KINJO in こども病院前,2026/09/19,23,13,36
kodomobyouin,Mr.KINJO in こども病院前,2026/09/20,24,12,36
kodomobyouin,Mr.KINJO in こども病院前,2026/09/21,24,12,36
kodomobyouin,Mr.KINJO in こども病院前,2026/09/22,25,11,36
kodomobyouin,Mr.KINJO in こども病院前,2026/09/23,30,6,36
kodomobyouin,Mr.KINJO in こども病院前,2026/09/24,27,9,36
kodomobyouin,Mr.KINJO in こども病院前,2026/09/25,23,13,36
kodomobyouin,Mr.KINJO in こども病院前,2026/09/26,24,12,36
kodomobyouin,Mr.KINJO in こども病院前,2026/09/27,28,8,36
kodomobyouin,Mr.KINJO in こども病院前,2026/09/28,29,7,36
sunsishigaki,Mr.KINJO Suns ISHIGAKI,2026/08/30,4,17,21
sunsishigaki,Mr.KINJO Suns ISHIGAKI,2026/08/31,3,18,21
sunsishigaki,Mr.KINJO Suns ISHIGAKI,2026/09/01,8,13,21
sunsishigaki,Mr.KINJO Suns ISHIGAKI,2026/09/02,7,14,21
sunsishigaki,Mr.KINJO Suns ISHIGAKI,2026/09/03,8,13,21
sunsishigaki,Mr.KINJO Suns ISHIGAKI,2026/09/04,7,14,21
sunsishigaki,Mr.KINJO Suns ISHIGAKI,2026/09/05,6,15,21
sunsishigaki,Mr.KINJO Suns ISHIGAKI,2026/09/06,12,9,21
sunsishigaki,Mr.KINJO Suns ISHIGAKI,2026/09/07,6,15,21
sunsishigaki,Mr.KINJO Suns ISHIGAKI,2026/09/08,6,15,21
sunsishigaki,Mr.KINJO Suns ISHIGAKI,2026/09/09,3,18,21
sunsishigaki,Mr.KINJO Suns ISHIGAKI,2026/09/10,7,14,21
sunsishigaki,Mr.KINJO Suns ISHIGAKI,2026/09/11,7,14,21
sunsishigaki,Mr.KINJO Suns ISHIGAKI,2026/09/12,11,10,21
sunsishigaki,Mr.KINJO Suns ISHIGAKI,2026/09/13,14,7,21
sunsishigaki,Mr.KINJO Suns ISHIGAKI,2026/09/14,14,7,21
sunsishigaki,Mr.KINJO Suns ISHIGAKI,2026/09/15,12,9,21
sunsishigaki,Mr.KINJO Suns ISHIGAKI,2026/09/16,10,11,21
sunsishigaki,Mr.KINJO Suns ISHIGAKI,2026/09/17,13,8,21
sunsishigaki,Mr.KINJO Suns ISHIGAKI,2026/09/18,8,13,21
sunsishigaki,Mr.KINJO Suns ISHIGAKI,2026/09/19,4,17,21
sunsishigaki,Mr.KINJO Suns ISHIGAKI,2026/09/20,3,18,21
sunsishigaki,Mr.KINJO Suns ISHIGAKI,2026/09/21,6,15,21
sunsishigaki,Mr.KINJO Suns ISHIGAKI,2026/09/22,7,14,21
sunsishigaki,Mr.KINJO Suns ISHIGAKI,2026/09/23,11,10,21
sunsishigaki,Mr.KINJO Suns ISHIGAKI,2026/09/24,16,5,21
sunsishigaki,Mr.KINJO Suns ISHIGAKI,2026/09/25,10,11,21
sunsishigaki,Mr.KINJO Suns ISHIGAKI,2026/09/26,10,11,21
sunsishigaki,Mr.KINJO Suns ISHIGAKI,2026/09/27,12,9,21
sunsishigaki,Mr.KINJO Suns ISHIGAKI,2026/09/28,9,12,21
naha,Mr.KINJO in NAHA,2026/08/30,7,29,36
naha,Mr.KINJO in NAHA,2026/08/31,4,32,36
naha,Mr.KINJO in NAHA,2026/09/01,5,31,36
naha,Mr.KINJO in NAHA,2026/09/02,6,30,36
naha,Mr.KINJO in NAHA,2026/09/03,7,29,36
naha,Mr.KINJO in NAHA,2026/09/04,12,24,36
naha,Mr.KINJO in NAHA,2026/09/05,15,21,36
naha,Mr.KINJO in NAHA,2026/09/06,17,19,36
naha,Mr.KINJO in NAHA,2026/09/07,16,20,36
naha,Mr.KINJO in NAHA,2026/09/08,14,22,36
naha,Mr.KINJO in NAHA,2026/09/09,18,18,36
naha,Mr.KINJO in NAHA,2026/09/10,18,18,36
naha,Mr.KINJO in NAHA,2026/09/11,14,22,36
naha,Mr.KINJO in NAHA,2026/09/12,20,16,36
naha,Mr.KINJO in NAHA,2026/09/13,20,16,36
naha,Mr.KINJO in NAHA,2026/09/14,22,14,36
naha,Mr.KINJO in NAHA,2026/09/15,21,15,36
naha,Mr.KINJO in NAHA,2026/09/16,20,16,36
naha,Mr.KINJO in NAHA,2026/09/17,24,12,36
naha,Mr.KINJO in NAHA,2026/09/18,23,13,36
naha,Mr.KINJO in NAHA,2026/09/19,18,18,36
naha,Mr.KINJO in NAHA,2026/09/20,20,16,36
naha,Mr.KINJO in NAHA,2026/09/21,22,14,36
naha,Mr.KINJO in NAHA,2026/09/22,26,10,36
naha,Mr.KINJO in NAHA,2026/09/23,28,8,36
naha,Mr.KINJO in NAHA,2026/09/24,25,11,36
naha,Mr.KINJO in NAHA,2026/09/25,25,11,36
naha,Mr.KINJO in NAHA,2026/09/26,31,5,36
naha,Mr.KINJO in NAHA,2026/09/27,33,3,36
naha,Mr.KINJO in NAHA,2026/09/28,33,3,36
nicas,Mr.KINJO in Nica’s牧志駅 I,2026/08/30,3,33,36
nicas,Mr.KINJO in Nica’s牧志駅 I,2026/08/31,8,28,36
nicas,Mr.KINJO in Nica’s牧志駅 I,2026/09/01,13,23,36
nicas,Mr.KINJO in Nica’s牧志駅 I,2026/09/02,7,29,36
nicas,Mr.KINJO in Nica’s牧志駅 I,2026/09/03,9,27,36
nicas,Mr.KINJO in Nica’s牧志駅 I,2026/09/04,8,28,36
nicas,Mr.KINJO in Nica’s牧志駅 I,2026/09/05,10,26,36
nicas,Mr.KINJO in Nica’s牧志駅 I,2026/09/06,12,24,36
nicas,Mr.KINJO in Nica’s牧志駅 I,2026/09/07,17,19,36
nicas,Mr.KINJO in Nica’s牧志駅 I,2026/09/08,13,23,36
nicas,Mr.KINJO in Nica’s牧志駅 I,2026/09/09,12,24,36
nicas,Mr.KINJO in Nica’s牧志駅 I,2026/09/10,13,23,36
nicas,Mr.KINJO in Nica’s牧志駅 I,2026/09/11,11,25,36
nicas,Mr.KINJO in Nica’s牧志駅 I,2026/09/12,14,22,36
nicas,Mr.KINJO in Nica’s牧志駅 I,2026/09/13,13,23,36
nicas,Mr.KINJO in Nica’s牧志駅 I,2026/09/14,15,21,36
nicas,Mr.KINJO in Nica’s牧志駅 I,2026/09/15,16,20,36
nicas,Mr.KINJO in Nica’s牧志駅 I,2026/09/16,16,20,36
nicas,Mr.KINJO in Nica’s牧志駅 I,2026/09/17,19,17,36
nicas,Mr.KINJO in Nica’s牧志駅 I,2026/09/18,18,18,36
nicas,Mr.KINJO in Nica’s牧志駅 I,2026/09/19,6,30,36
nicas,Mr.KINJO in Nica’s牧志駅 I,2026/09/20,8,28,36
nicas,Mr.KINJO in Nica’s牧志駅 I,2026/09/21,12,24,36
nicas,Mr.KINJO in Nica’s牧志駅 I,2026/09/22,21,15,36
nicas,Mr.KINJO in Nica’s牧志駅 I,2026/09/23,24,12,36
nicas,Mr.KINJO in Nica’s牧志駅 I,2026/09/24,24,12,36
nicas,Mr.KINJO in Nica’s牧志駅 I,2026/09/25,18,18,36
nicas,Mr.KINJO in Nica’s牧志駅 I,2026/09/26,13,23,36
nicas,Mr.KINJO in Nica’s牧志駅 I,2026/09/27,17,19,36
nicas,Mr.KINJO in Nica’s牧志駅 I,2026/09/28,18,18,36
kitanakagusuku,Mr.KINJO in Rycom 北中城,2026/08/30,4,17,21
kitanakagusuku,Mr.KINJO in Rycom 北中城,2026/08/31,1,20,21
kitanakagusuku,Mr.KINJO in Rycom 北中城,2026/09/01,1,20,21
kitanakagusuku,Mr.KINJO in Rycom 北中城,2026/09/02,5,16,21
kitanakagusuku,Mr.KINJO in Rycom 北中城,2026/09/03,7,14,21
kitanakagusuku,Mr.KINJO in Rycom 北中城,2026/09/04,4,17,21
kitanakagusuku,Mr.KINJO in Rycom 北中城,2026/09/05,0,21,21
kitanakagusuku,Mr.KINJO in Rycom 北中城,2026/09/06,3,18,21
kitanakagusuku,Mr.KINJO in Rycom 北中城,2026/09/07,10,11,21
kitanakagusuku,Mr.KINJO in Rycom 北中城,2026/09/08,6,15,21
kitanakagusuku,Mr.KINJO in Rycom 北中城,2026/09/09,6,15,21
kitanakagusuku,Mr.KINJO in Rycom 北中城,2026/09/10,5,16,21
kitanakagusuku,Mr.KINJO in Rycom 北中城,2026/09/11,4,17,21
kitanakagusuku,Mr.KINJO in Rycom 北中城,2026/09/12,2,19,21
kitanakagusuku,Mr.KINJO in Rycom 北中城,2026/09/13,6,15,21
kitanakagusuku,Mr.KINJO in Rycom 北中城,2026/09/14,8,13,21
kitanakagusuku,Mr.KINJO in Rycom 北中城,2026/09/15,9,12,21
kitanakagusuku,Mr.KINJO in Rycom 北中城,2026/09/16,13,8,21
kitanakagusuku,Mr.KINJO in Rycom 北中城,2026/09/17,11,10,21
kitanakagusuku,Mr.KINJO in Rycom 北中城,2026/09/18,16,5,21
kitanakagusuku,Mr.KINJO in Rycom 北中城,2026/09/19,10,11,21
kitanakagusuku,Mr.KINJO in Rycom 北中城,2026/09/20,9,12,21
kitanakagusuku,Mr.KINJO in Rycom 北中城,2026/09/21,11,10,21
kitanakagusuku,Mr.KINJO in Rycom 北中城,2026/09/22,11,10,21
kitanakagusuku,Mr.KINJO in Rycom 北中城,2026/09/23,16,5,21
kitanakagusuku,Mr.KINJO in Rycom 北中城,2026/09/24,16,5,21
kitanakagusuku,Mr.KINJO in Rycom 北中城,2026/09/25,15,6,21
kitanakagusuku,Mr.KINJO in Rycom 北中城,2026/09/26,15,6,21
kitanakagusuku,Mr.KINJO in Rycom 北中城,2026/09/27,11,10,21
kitanakagusuku,Mr.KINJO in Rycom 北中城,2026/09/28,14,7,21
kumenaha,Mr.KINJO LINK in Kume NAHA,2026/08/30,3,17,20
kumenaha,Mr.KINJO LINK in Kume NAHA,2026/08/31,3,17,20
kumenaha,Mr.KINJO LINK in Kume NAHA,2026/09/01,2,18,20
kumenaha,Mr.KINJO LINK in Kume NAHA,2026/09/02,1,19,20
kumenaha,Mr.KINJO LINK in Kume NAHA,2026/09/03,10,10,20
kumenaha,Mr.KINJO LINK in Kume NAHA,2026/09/04,9,11,20
kumenaha,Mr.KINJO LINK in Kume NAHA,2026/09/05,8,12,20
kumenaha,Mr.KINJO LINK in Kume NAHA,2026/09/06,5,15,20
kumenaha,Mr.KINJO LINK in Kume NAHA,2026/09/07,6,14,20
kumenaha,Mr.KINJO LINK in Kume NAHA,2026/09/08,7,13,20
kumenaha,Mr.KINJO LINK in Kume NAHA,2026/09/09,9,11,20
kumenaha,Mr.KINJO LINK in Kume NAHA,2026/09/10,10,10,20
kumenaha,Mr.KINJO LINK in Kume NAHA,2026/09/11,10,10,20
kumenaha,Mr.KINJO LINK in Kume NAHA,2026/09/12,12,8,20
kumenaha,Mr.KINJO LINK in Kume NAHA,2026/09/13,11,9,20
kumenaha,Mr.KINJO LINK in Kume NAHA,2026/09/14,13,7,20
kumenaha,Mr.KINJO LINK in Kume NAHA,2026/09/15,14,6,20
kumenaha,Mr.KINJO LINK in Kume NAHA,2026/09/16,13,7,20
kumenaha,Mr.KINJO LINK in Kume NAHA,2026/09/17,11,9,20
kumenaha,Mr.KINJO LINK in Kume NAHA,2026/09/18,12,8,20
kumenaha,Mr.KINJO LINK in Kume NAHA,2026/09/19,11,9,20
kumenaha,Mr.KINJO LINK in Kume NAHA,2026/09/20,12,8,20
kumenaha,Mr.KINJO LINK in Kume NAHA,2026/09/21,13,7,20
kumenaha,Mr.KINJO LINK in Kume NAHA,2026/09/22,13,7,20
kumenaha,Mr.KINJO LINK in Kume NAHA,2026/09/23,12,8,20
kumenaha,Mr.KINJO LINK in Kume NAHA,2026/09/24,11,9,20
kumenaha,Mr.KINJO LINK in Kume NAHA,2026/09/25,11,9,20
kumenaha,Mr.KINJO LINK in Kume NAHA,2026/09/26,13,7,20
kumenaha,Mr.KINJO LINK in Kume NAHA,2026/09/27,16,4,20
kumenaha,Mr.KINJO LINK in Kume NAHA,2026/09/28,16,4,20
miki24,Mr.KINJO Miki24 in 牧志駅前,2026/08/30,1,21,22
miki24,Mr.KINJO Miki24 in 牧志駅前,2026/08/31,3,19,22
miki24,Mr.KINJO Miki24 in 牧志駅前,2026/09/01,4,18,22
miki24,Mr.KINJO Miki24 in 牧志駅前,2026/09/02,5,17,22
miki24,Mr.KINJO Miki24 in 牧志駅前,2026/09/03,8,14,22
miki24,Mr.KINJO Miki24 in 牧志駅前,2026/09/04,6,16,22
miki24,Mr.KINJO Miki24 in 牧志駅前,2026/09/05,7,15,22
miki24,Mr.KINJO Miki24 in 牧志駅前,2026/09/06,11,11,22
miki24,Mr.KINJO Miki24 in 牧志駅前,2026/09/07,8,14,22
miki24,Mr.KINJO Miki24 in 牧志駅前,2026/09/08,8,14,22
miki24,Mr.KINJO Miki24 in 牧志駅前,2026/09/09,7,15,22
miki24,Mr.KINJO Miki24 in 牧志駅前,2026/09/10,3,19,22
miki24,Mr.KINJO Miki24 in 牧志駅前,2026/09/11,6,16,22
miki24,Mr.KINJO Miki24 in 牧志駅前,2026/09/12,8,14,22
miki24,Mr.KINJO Miki24 in 牧志駅前,2026/09/13,10,12,22
miki24,Mr.KINJO Miki24 in 牧志駅前,2026/09/14,11,11,22
miki24,Mr.KINJO Miki24 in 牧志駅前,2026/09/15,13,9,22
miki24,Mr.KINJO Miki24 in 牧志駅前,2026/09/16,14,8,22
miki24,Mr.KINJO Miki24 in 牧志駅前,2026/09/17,12,10,22
miki24,Mr.KINJO Miki24 in 牧志駅前,2026/09/18,12,10,22
miki24,Mr.KINJO Miki24 in 牧志駅前,2026/09/19,9,13,22
miki24,Mr.KINJO Miki24 in 牧志駅前,2026/09/20,7,15,22
miki24,Mr.KINJO Miki24 in 牧志駅前,2026/09/21,7,15,22
miki24,Mr.KINJO Miki24 in 牧志駅前,2026/09/22,12,10,22
miki24,Mr.KINJO Miki24 in 牧志駅前,2026/09/23,12,10,22
miki24,Mr.KINJO Miki24 in 牧志駅前,2026/09/24,13,9,22
miki24,Mr.KINJO Miki24 in 牧志駅前,2026/09/25,12,10,22
miki24,Mr.KINJO Miki24 in 牧志駅前,2026/09/26,8,14,22
miki24,Mr.KINJO Miki24 in 牧志駅前,2026/09/27,12,10,22
miki24,Mr.KINJO Miki24 in 牧志駅前,2026/09/28,9,13,22
manzabeach,Mr.KINJO 万座ビーチ前,2026/08/30,5,25,30
manzabeach,Mr.KINJO 万座ビーチ前,2026/08/31,5,25,30
manzabeach,Mr.KINJO 万座ビーチ前,2026/09/01,11,19,30
manzabeach,Mr.KINJO 万座ビーチ前,2026/09/02,9,21,30
manzabeach,Mr.KINJO 万座ビーチ前,2026/09/03,9,21,30
manzabeach,Mr.KINJO 万座ビーチ前,2026/09/04,8,22,30
manzabeach,Mr.KINJO 万座ビーチ前,2026/09/05,11,19,30
manzabeach,Mr.KINJO 万座ビーチ前,2026/09/06,18,12,30
manzabeach,Mr.KINJO 万座ビーチ前,2026/09/07,8,22,30
manzabeach,Mr.KINJO 万座ビーチ前,2026/09/08,7,23,30
manzabeach,Mr.KINJO 万座ビーチ前,2026/09/09,6,24,30
manzabeach,Mr.KINJO 万座ビーチ前,2026/09/10,3,27,30
manzabeach,Mr.KINJO 万座ビーチ前,2026/09/11,12,18,30
manzabeach,Mr.KINJO 万座ビーチ前,2026/09/12,9,21,30
manzabeach,Mr.KINJO 万座ビーチ前,2026/09/13,8,22,30
manzabeach,Mr.KINJO 万座ビーチ前,2026/09/14,13,17,30
manzabeach,Mr.KINJO 万座ビーチ前,2026/09/15,20,10,30
manzabeach,Mr.KINJO 万座ビーチ前,2026/09/16,16,14,30
manzabeach,Mr.KINJO 万座ビーチ前,2026/09/17,16,14,30
manzabeach,Mr.KINJO 万座ビーチ前,2026/09/18,8,22,30
manzabeach,Mr.KINJO 万座ビーチ前,2026/09/19,7,23,30
manzabeach,Mr.KINJO 万座ビーチ前,2026/09/20,3,27,30
manzabeach,Mr.KINJO 万座ビーチ前,2026/09/21,1,29,30
manzabeach,Mr.KINJO 万座ビーチ前,2026/09/22,11,19,30
manzabeach,Mr.KINJO 万座ビーチ前,2026/09/23,16,14,30
manzabeach,Mr.KINJO 万座ビーチ前,2026/09/24,8,22,30
manzabeach,Mr.KINJO 万座ビーチ前,2026/09/25,12,18,30
manzabeach,Mr.KINJO 万座ビーチ前,2026/09/26,14,16,30
manzabeach,Mr.KINJO 万座ビーチ前,2026/09/27,16,14,30
manzabeach,Mr.KINJO 万座ビーチ前,2026/09/28,18,12,30
painagama,Mr.KINJO 宮古島 パイナガマ リゾート,2026/08/30,12,30,42
painagama,Mr.KINJO 宮古島 パイナガマ リゾート,2026/08/31,13,29,42
painagama,Mr.KINJO 宮古島 パイナガマ リゾート,2026/09/01,13,29,42
painagama,Mr.KINJO 宮古島 パイナガマ リゾート,2026/09/02,16,26,42
painagama,Mr.KINJO 宮古島 パイナガマ リゾート,2026/09/03,18,24,42
painagama,Mr.KINJO 宮古島 パイナガマ リゾート,2026/09/04,18,24,42
painagama,Mr.KINJO 宮古島 パイナガマ リゾート,2026/09/05,6,36,42
painagama,Mr.KINJO 宮古島 パイナガマ リゾート,2026/09/06,8,34,42
painagama,Mr.KINJO 宮古島 パイナガマ リゾート,2026/09/07,22,20,42
painagama,Mr.KINJO 宮古島 パイナガマ リゾート,2026/09/08,20,22,42
painagama,Mr.KINJO 宮古島 パイナガマ リゾート,2026/09/09,18,24,42
painagama,Mr.KINJO 宮古島 パイナガマ リゾート,2026/09/10,22,20,42
painagama,Mr.KINJO 宮古島 パイナガマ リゾート,2026/09/11,19,23,42
painagama,Mr.KINJO 宮古島 パイナガマ リゾート,2026/09/12,19,23,42
painagama,Mr.KINJO 宮古島 パイナガマ リゾート,2026/09/13,19,23,42
painagama,Mr.KINJO 宮古島 パイナガマ リゾート,2026/09/14,12,30,42
painagama,Mr.KINJO 宮古島 パイナガマ リゾート,2026/09/15,15,27,42
painagama,Mr.KINJO 宮古島 パイナガマ リゾート,2026/09/16,20,22,42
painagama,Mr.KINJO 宮古島 パイナガマ リゾート,2026/09/17,28,14,42
painagama,Mr.KINJO 宮古島 パイナガマ リゾート,2026/09/18,19,23,42
painagama,Mr.KINJO 宮古島 パイナガマ リゾート,2026/09/19,7,35,42
painagama,Mr.KINJO 宮古島 パイナガマ リゾート,2026/09/20,4,38,42
painagama,Mr.KINJO 宮古島 パイナガマ リゾート,2026/09/21,9,33,42
painagama,Mr.KINJO 宮古島 パイナガマ リゾート,2026/09/22,6,36,42
painagama,Mr.KINJO 宮古島 パイナガマ リゾート,2026/09/23,12,30,42
painagama,Mr.KINJO 宮古島 パイナガマ リゾート,2026/09/24,17,25,42
painagama,Mr.KINJO 宮古島 パイナガマ リゾート,2026/09/25,24,18,42
painagama,Mr.KINJO 宮古島 パイナガマ リゾート,2026/09/26,19,23,42
painagama,Mr.KINJO 宮古島 パイナガマ リゾート,2026/09/27,17,25,42
painagama,Mr.KINJO 宮古島 パイナガマ リゾート,2026/09/28,23,19,42
maehara,Mr.KINJO in MAEHARA,2026/08/30,1,23,24
maehara,Mr.KINJO in MAEHARA,2026/08/31,6,18,24
maehara,Mr.KINJO in MAEHARA,2026/09/01,6,18,24
maehara,Mr.KINJO in MAEHARA,2026/09/02,9,15,24
maehara,Mr.KINJO in MAEHARA,2026/09/03,9,15,24
maehara,Mr.KINJO in MAEHARA,2026/09/04,11,13,24
maehara,Mr.KINJO in MAEHARA,2026/09/05,13,11,24
maehara,Mr.KINJO in MAEHARA,2026/09/06,13,11,24
maehara,Mr.KINJO in MAEHARA,2026/09/07,15,9,24
maehara,Mr.KINJO in MAEHARA,2026/09/08,12,12,24
maehara,Mr.KINJO in MAEHARA,2026/09/09,15,9,24
maehara,Mr.KINJO in MAEHARA,2026/09/10,12,12,24
maehara,Mr.KINJO in MAEHARA,2026/09/11,12,12,24
maehara,Mr.KINJO in MAEHARA,2026/09/12,14,10,24
maehara,Mr.KINJO in MAEHARA,2026/09/13,17,7,24
maehara,Mr.KINJO in MAEHARA,2026/09/14,18,6,24
maehara,Mr.KINJO in MAEHARA,2026/09/15,18,6,24
maehara,Mr.KINJO in MAEHARA,2026/09/16,18,6,24
maehara,Mr.KINJO in MAEHARA,2026/09/17,17,7,24
maehara,Mr.KINJO in MAEHARA,2026/09/18,15,9,24
maehara,Mr.KINJO in MAEHARA,2026/09/19,8,16,24
maehara,Mr.KINJO in MAEHARA,2026/09/20,14,10,24
maehara,Mr.KINJO in MAEHARA,2026/09/21,14,10,24
maehara,Mr.KINJO in MAEHARA,2026/09/22,17,7,24
maehara,Mr.KINJO in MAEHARA,2026/09/23,19,5,24
maehara,Mr.KINJO in MAEHARA,2026/09/24,17,7,24
maehara,Mr.KINJO in MAEHARA,2026/09/25,17,7,24
maehara,Mr.KINJO in MAEHARA,2026/09/26,15,9,24
maehara,Mr.KINJO in MAEHARA,2026/09/27,16,8,24
maehara,Mr.KINJO in MAEHARA,2026/09/28,17,7,24
enishigaki,Mr.KINJO En 石垣,2026/08/30,25,13,38
enishigaki,Mr.KINJO En 石垣,2026/08/31,28,10,38
enishigaki,Mr.KINJO En 石垣,2026/09/01,30,8,38
enishigaki,Mr.KINJO En 石垣,2026/09/02,30,8,38
enishigaki,Mr.KINJO En 石垣,2026/09/03,28,10,38
enishigaki,Mr.KINJO En 石垣,2026/09/04,25,13,38
enishigaki,Mr.KINJO En 石垣,2026/09/05,23,15,38
enishigaki,Mr.KINJO En 石垣,2026/09/06,25,13,38
enishigaki,Mr.KINJO En 石垣,2026/09/07,22,16,38
enishigaki,Mr.KINJO En 石垣,2026/09/08,22,16,38
enishigaki,Mr.KINJO En 石垣,2026/09/09,21,17,38
enishigaki,Mr.KINJO En 石垣,2026/09/10,21,17,38
enishigaki,Mr.KINJO En 石垣,2026/09/11,10,28,38
enishigaki,Mr.KINJO En 石垣,2026/09/12,18,20,38
enishigaki,Mr.KINJO En 石垣,2026/09/13,26,12,38
enishigaki,Mr.KINJO En 石垣,2026/09/14,34,4,38
enishigaki,Mr.KINJO En 石垣,2026/09/15,34,4,38
enishigaki,Mr.KINJO En 石垣,2026/09/16,34,4,38
enishigaki,Mr.KINJO En 石垣,2026/09/17,29,9,38
enishigaki,Mr.KINJO En 石垣,2026/09/18,21,17,38
enishigaki,Mr.KINJO En 石垣,2026/09/19,15,23,38
enishigaki,Mr.KINJO En 石垣,2026/09/20,7,31,38
enishigaki,Mr.KINJO En 石垣,2026/09/21,8,30,38
enishigaki,Mr.KINJO En 石垣,2026/09/22,23,15,38
enishigaki,Mr.KINJO En 石垣,2026/09/23,27,11,38
enishigaki,Mr.KINJO En 石垣,2026/09/24,30,8,38
enishigaki,Mr.KINJO En 石垣,2026/09/25,26,12,38
enishigaki,Mr.KINJO En 石垣,2026/09/26,25,13,38
enishigaki,Mr.KINJO En 石垣,2026/09/27,36,2,38
enishigaki,Mr.KINJO En 石垣,2026/09/28,36,2,38
grandcats,Mr.KINJO GRAND CATS,2026/08/30,21,29,50
grandcats,Mr.KINJO GRAND CATS,2026/08/31,20,30,50
grandcats,Mr.KINJO GRAND CATS,2026/09/01,24,26,50
grandcats,Mr.KINJO GRAND CATS,2026/09/02,21,29,50
grandcats,Mr.KINJO GRAND CATS,2026/09/03,21,29,50
grandcats,Mr.KINJO GRAND CATS,2026/09/04,22,28,50
grandcats,Mr.KINJO GRAND CATS,2026/09/05,21,29,50
grandcats,Mr.KINJO GRAND CATS,2026/09/06,24,26,50
grandcats,Mr.KINJO GRAND CATS,2026/09/07,30,20,50
grandcats,Mr.KINJO GRAND CATS,2026/09/08,27,23,50
grandcats,Mr.KINJO GRAND CATS,2026/09/09,20,30,50
grandcats,Mr.KINJO GRAND CATS,2026/09/10,19,31,50
grandcats,Mr.KINJO GRAND CATS,2026/09/11,7,43,50
grandcats,Mr.KINJO GRAND CATS,2026/09/12,12,38,50
grandcats,Mr.KINJO GRAND CATS,2026/09/13,24,26,50
grandcats,Mr.KINJO GRAND CATS,2026/09/14,25,25,50
grandcats,Mr.KINJO GRAND CATS,2026/09/15,21,29,50
grandcats,Mr.KINJO GRAND CATS,2026/09/16,18,32,50
grandcats,Mr.KINJO GRAND CATS,2026/09/17,22,28,50
grandcats,Mr.KINJO GRAND CATS,2026/09/18,20,30,50
grandcats,Mr.KINJO GRAND CATS,2026/09/19,17,33,50
grandcats,Mr.KINJO GRAND CATS,2026/09/20,12,38,50
grandcats,Mr.KINJO GRAND CATS,2026/09/21,10,40,50
grandcats,Mr.KINJO GRAND CATS,2026/09/22,16,34,50
grandcats,Mr.KINJO GRAND CATS,2026/09/23,19,31,50
grandcats,Mr.KINJO GRAND CATS,2026/09/24,24,26,50
grandcats,Mr.KINJO GRAND CATS,2026/09/25,24,26,50
grandcats,Mr.KINJO GRAND CATS,2026/09/26,22,28,50
grandcats,Mr.KINJO GRAND CATS,2026/09/27,31,19,50
grandcats,Mr.KINJO GRAND CATS,2026/09/28,32,18,50
grandbluechatan,Mr.KINJO in GRAND BLUE CHATAN,2026/08/30,17,31,48
grandbluechatan,Mr.KINJO in GRAND BLUE CHATAN,2026/08/31,21,27,48
grandbluechatan,Mr.KINJO in GRAND BLUE CHATAN,2026/09/01,24,24,48
grandbluechatan,Mr.KINJO in GRAND BLUE CHATAN,2026/09/02,33,15,48
grandbluechatan,Mr.KINJO in GRAND BLUE CHATAN,2026/09/03,30,18,48
grandbluechatan,Mr.KINJO in GRAND BLUE CHATAN,2026/09/04,20,28,48
grandbluechatan,Mr.KINJO in GRAND BLUE CHATAN,2026/09/05,2,46,48
grandbluechatan,Mr.KINJO in GRAND BLUE CHATAN,2026/09/06,12,36,48
grandbluechatan,Mr.KINJO in GRAND BLUE CHATAN,2026/09/07,28,20,48
grandbluechatan,Mr.KINJO in GRAND BLUE CHATAN,2026/09/08,30,18,48
grandbluechatan,Mr.KINJO in GRAND BLUE CHATAN,2026/09/09,30,18,48
grandbluechatan,Mr.KINJO in GRAND BLUE CHATAN,2026/09/10,31,17,48
grandbluechatan,Mr.KINJO in GRAND BLUE CHATAN,2026/09/11,33,15,48
grandbluechatan,Mr.KINJO in GRAND BLUE CHATAN,2026/09/12,29,19,48
grandbluechatan,Mr.KINJO in GRAND BLUE CHATAN,2026/09/13,32,16,48
grandbluechatan,Mr.KINJO in GRAND BLUE CHATAN,2026/09/14,29,19,48
grandbluechatan,Mr.KINJO in GRAND BLUE CHATAN,2026/09/15,36,12,48
grandbluechatan,Mr.KINJO in GRAND BLUE CHATAN,2026/09/16,39,9,48
grandbluechatan,Mr.KINJO in GRAND BLUE CHATAN,2026/09/17,40,8,48
grandbluechatan,Mr.KINJO in GRAND BLUE CHATAN,2026/09/18,33,15,48
grandbluechatan,Mr.KINJO in GRAND BLUE CHATAN,2026/09/19,17,31,48
grandbluechatan,Mr.KINJO in GRAND BLUE CHATAN,2026/09/20,22,26,48
grandbluechatan,Mr.KINJO in GRAND BLUE CHATAN,2026/09/21,24,24,48
grandbluechatan,Mr.KINJO in GRAND BLUE CHATAN,2026/09/22,32,16,48
grandbluechatan,Mr.KINJO in GRAND BLUE CHATAN,2026/09/23,37,11,48
grandbluechatan,Mr.KINJO in GRAND BLUE CHATAN,2026/09/24,33,15,48
grandbluechatan,Mr.KINJO in GRAND BLUE CHATAN,2026/09/25,37,11,48
grandbluechatan,Mr.KINJO in GRAND BLUE CHATAN,2026/09/26,34,14,48
grandbluechatan,Mr.KINJO in GRAND BLUE CHATAN,2026/09/27,41,7,48
grandbluechatan,Mr.KINJO in GRAND BLUE CHATAN,2026/09/28,40,8,48
kugai,Mr.KINJO LINK in Kugai 宮古島,2026/08/30,18,14,32
kugai,Mr.KINJO LINK in Kugai 宮古島,2026/08/31,15,17,32
kugai,Mr.KINJO LINK in Kugai 宮古島,2026/09/01,8,24,32
kugai,Mr.KINJO LINK in Kugai 宮古島,2026/09/02,7,25,32
kugai,Mr.KINJO LINK in Kugai 宮古島,2026/09/03,12,20,32
kugai,Mr.KINJO LINK in Kugai 宮古島,2026/09/04,13,19,32
kugai,Mr.KINJO LINK in Kugai 宮古島,2026/09/05,10,22,32
kugai,Mr.KINJO LINK in Kugai 宮古島,2026/09/06,14,18,32
kugai,Mr.KINJO LINK in Kugai 宮古島,2026/09/07,7,25,32
kugai,Mr.KINJO LINK in Kugai 宮古島,2026/09/08,8,24,32
kugai,Mr.KINJO LINK in Kugai 宮古島,2026/09/09,13,19,32
kugai,Mr.KINJO LINK in Kugai 宮古島,2026/09/10,12,20,32
kugai,Mr.KINJO LINK in Kugai 宮古島,2026/09/11,15,17,32
kugai,Mr.KINJO LINK in Kugai 宮古島,2026/09/12,17,15,32
kugai,Mr.KINJO LINK in Kugai 宮古島,2026/09/13,20,12,32
kugai,Mr.KINJO LINK in Kugai 宮古島,2026/09/14,14,18,32
kugai,Mr.KINJO LINK in Kugai 宮古島,2026/09/15,16,16,32
kugai,Mr.KINJO LINK in Kugai 宮古島,2026/09/16,15,17,32
kugai,Mr.KINJO LINK in Kugai 宮古島,2026/09/17,21,11,32
kugai,Mr.KINJO LINK in Kugai 宮古島,2026/09/18,23,9,32
kugai,Mr.KINJO LINK in Kugai 宮古島,2026/09/19,26,6,32
kugai,Mr.KINJO LINK in Kugai 宮古島,2026/09/20,26,6,32
kugai,Mr.KINJO LINK in Kugai 宮古島,2026/09/21,27,5,32
kugai,Mr.KINJO LINK in Kugai 宮古島,2026/09/22,26,6,32
kugai,Mr.KINJO LINK in Kugai 宮古島,2026/09/23,28,4,32
kugai,Mr.KINJO LINK in Kugai 宮古島,2026/09/24,27,5,32
kugai,Mr.KINJO LINK in Kugai 宮古島,2026/09/25,28,4,32
kugai,Mr.KINJO LINK in Kugai 宮古島,2026/09/26,26,6,32
kugai,Mr.KINJO LINK in Kugai 宮古島,2026/09/27,23,9,32
kugai,Mr.KINJO LINK in Kugai 宮古島,2026/09/28,21,11,32
miegusuku,Mr.KINJO in Miegusuku,2026/08/30,9,23,32
miegusuku,Mr.KINJO in Miegusuku,2026/08/31,7,25,32
miegusuku,Mr.KINJO in Miegusuku,2026/09/01,12,20,32
miegusuku,Mr.KINJO in Miegusuku,2026/09/02,16,16,32
miegusuku,Mr.KINJO in Miegusuku,2026/09/03,19,13,32
miegusuku,Mr.KINJO in Miegusuku,2026/09/04,15,17,32
miegusuku,Mr.KINJO in Miegusuku,2026/09/05,8,24,32
miegusuku,Mr.KINJO in Miegusuku,2026/09/06,11,21,32
miegusuku,Mr.KINJO in Miegusuku,2026/09/07,20,12,32
miegusuku,Mr.KINJO in Miegusuku,2026/09/08,23,9,32
miegusuku,Mr.KINJO in Miegusuku,2026/09/09,16,16,32
miegusuku,Mr.KINJO in Miegusuku,2026/09/10,13,19,32
miegusuku,Mr.KINJO in Miegusuku,2026/09/11,7,25,32
miegusuku,Mr.KINJO in Miegusuku,2026/09/12,14,18,32
miegusuku,Mr.KINJO in Miegusuku,2026/09/13,16,16,32
miegusuku,Mr.KINJO in Miegusuku,2026/09/14,21,11,32
miegusuku,Mr.KINJO in Miegusuku,2026/09/15,22,10,32
miegusuku,Mr.KINJO in Miegusuku,2026/09/16,17,15,32
miegusuku,Mr.KINJO in Miegusuku,2026/09/17,19,13,32
miegusuku,Mr.KINJO in Miegusuku,2026/09/18,20,12,32
miegusuku,Mr.KINJO in Miegusuku,2026/09/19,19,13,32
miegusuku,Mr.KINJO in Miegusuku,2026/09/20,23,9,32
miegusuku,Mr.KINJO in Miegusuku,2026/09/21,24,8,32
miegusuku,Mr.KINJO in Miegusuku,2026/09/22,28,4,32
miegusuku,Mr.KINJO in Miegusuku,2026/09/23,28,4,32
miegusuku,Mr.KINJO in Miegusuku,2026/09/24,28,4,32
miegusuku,Mr.KINJO in Miegusuku,2026/09/25,26,6,32
miegusuku,Mr.KINJO in Miegusuku,2026/09/26,23,9,32
miegusuku,Mr.KINJO in Miegusuku,2026/09/27,23,9,32
miegusuku,Mr.KINJO in Miegusuku,2026/09/28,25,7,32
haibisunishi,Mr.KINJO in HAIBISU 西町,2026/08/30,9,26,35
haibisunishi,Mr.KINJO in HAIBISU 西町,2026/08/31,9,26,35
haibisunishi,Mr.KINJO in HAIBISU 西町,2026/09/01,2,33,35
haibisunishi,Mr.KINJO in HAIBISU 西町,2026/09/02,11,24,35
haibisunishi,Mr.KINJO in HAIBISU 西町,2026/09/03,9,26,35
haibisunishi,Mr.KINJO in HAIBISU 西町,2026/09/04,9,26,35
haibisunishi,Mr.KINJO in HAIBISU 西町,2026/09/05,10,25,35
haibisunishi,Mr.KINJO in HAIBISU 西町,2026/09/06,17,18,35
haibisunishi,Mr.KINJO in HAIBISU 西町,2026/09/07,26,9,35
haibisunishi,Mr.KINJO in HAIBISU 西町,2026/09/08,10,25,35
haibisunishi,Mr.KINJO in HAIBISU 西町,2026/09/09,28,7,35
haibisunishi,Mr.KINJO in HAIBISU 西町,2026/09/10,23,12,35
haibisunishi,Mr.KINJO in HAIBISU 西町,2026/09/11,21,14,35
haibisunishi,Mr.KINJO in HAIBISU 西町,2026/09/12,19,16,35
haibisunishi,Mr.KINJO in HAIBISU 西町,2026/09/13,18,17,35
haibisunishi,Mr.KINJO in HAIBISU 西町,2026/09/14,19,16,35
haibisunishi,Mr.KINJO in HAIBISU 西町,2026/09/15,22,13,35
haibisunishi,Mr.KINJO in HAIBISU 西町,2026/09/16,20,15,35
haibisunishi,Mr.KINJO in HAIBISU 西町,2026/09/17,18,17,35
haibisunishi,Mr.KINJO in HAIBISU 西町,2026/09/18,25,10,35
haibisunishi,Mr.KINJO in HAIBISU 西町,2026/09/19,18,17,35
haibisunishi,Mr.KINJO in HAIBISU 西町,2026/09/20,25,10,35
haibisunishi,Mr.KINJO in HAIBISU 西町,2026/09/21,29,6,35
haibisunishi,Mr.KINJO in HAIBISU 西町,2026/09/22,30,5,35
haibisunishi,Mr.KINJO in HAIBISU 西町,2026/09/23,32,3,35
haibisunishi,Mr.KINJO in HAIBISU 西町,2026/09/24,31,4,35
haibisunishi,Mr.KINJO in HAIBISU 西町,2026/09/25,28,7,35
haibisunishi,Mr.KINJO in HAIBISU 西町,2026/09/26,29,6,35
haibisunishi,Mr.KINJO in HAIBISU 西町,2026/09/27,30,5,35
haibisunishi,Mr.KINJO in HAIBISU 西町,2026/09/28,28,7,35
miyakojima,Mr.KINJO in MIYAKOJIMA,2026/08/30,10,12,22
miyakojima,Mr.KINJO in MIYAKOJIMA,2026/08/31,11,11,22
miyakojima,Mr.KINJO in MIYAKOJIMA,2026/09/01,3,19,22
miyakojima,Mr.KINJO in MIYAKOJIMA,2026/09/02,4,18,22
miyakojima,Mr.KINJO in MIYAKOJIMA,2026/09/03,1,21,22
miyakojima,Mr.KINJO in MIYAKOJIMA,2026/09/04,8,14,22
miyakojima,Mr.KINJO in MIYAKOJIMA,2026/09/05,8,14,22
miyakojima,Mr.KINJO in MIYAKOJIMA,2026/09/06,7,15,22
miyakojima,Mr.KINJO in MIYAKOJIMA,2026/09/07,4,18,22
miyakojima,Mr.KINJO in MIYAKOJIMA,2026/09/08,3,19,22
miyakojima,Mr.KINJO in MIYAKOJIMA,2026/09/09,0,22,22
miyakojima,Mr.KINJO in MIYAKOJIMA,2026/09/10,1,21,22
miyakojima,Mr.KINJO in MIYAKOJIMA,2026/09/11,5,17,22
miyakojima,Mr.KINJO in MIYAKOJIMA,2026/09/12,4,18,22
miyakojima,Mr.KINJO in MIYAKOJIMA,2026/09/13,13,9,22
miyakojima,Mr.KINJO in MIYAKOJIMA,2026/09/14,8,14,22
miyakojima,Mr.KINJO in MIYAKOJIMA,2026/09/15,6,16,22
miyakojima,Mr.KINJO in MIYAKOJIMA,2026/09/16,6,16,22
miyakojima,Mr.KINJO in MIYAKOJIMA,2026/09/17,6,16,22
miyakojima,Mr.KINJO in MIYAKOJIMA,2026/09/18,1,21,22
miyakojima,Mr.KINJO in MIYAKOJIMA,2026/09/19,6,16,22
miyakojima,Mr.KINJO in MIYAKOJIMA,2026/09/20,6,16,22
miyakojima,Mr.KINJO in MIYAKOJIMA,2026/09/21,15,7,22
miyakojima,Mr.KINJO in MIYAKOJIMA,2026/09/22,11,11,22
miyakojima,Mr.KINJO in MIYAKOJIMA,2026/09/23,12,10,22
miyakojima,Mr.KINJO in MIYAKOJIMA,2026/09/24,8,14,22
miyakojima,Mr.KINJO in MIYAKOJIMA,2026/09/25,10,12,22
miyakojima,Mr.KINJO in MIYAKOJIMA,2026/09/26,9,13,22
miyakojima,Mr.KINJO in MIYAKOJIMA,2026/09/27,11,11,22
miyakojima,Mr.KINJO in MIYAKOJIMA,2026/09/28,8,14,22
shimozatominami,Mr.KINJO inn 下里南,2026/08/30,17,15,32
shimozatominami,Mr.KINJO inn 下里南,2026/08/31,14,18,32
shimozatominami,Mr.KINJO inn 下里南,2026/09/01,10,22,32
shimozatominami,Mr.KINJO inn 下里南,2026/09/02,14,18,32
shimozatominami,Mr.KINJO inn 下里南,2026/09/03,20,12,32
shimozatominami,Mr.KINJO inn 下里南,2026/09/04,24,8,32
shimozatominami,Mr.KINJO inn 下里南,2026/09/05,22,10,32
shimozatominami,Mr.KINJO inn 下里南,2026/09/06,14,18,32
shimozatominami,Mr.KINJO inn 下里南,2026/09/07,16,16,32
shimozatominami,Mr.KINJO inn 下里南,2026/09/08,19,13,32
shimozatominami,Mr.KINJO inn 下里南,2026/09/09,20,12,32
shimozatominami,Mr.KINJO inn 下里南,2026/09/10,22,10,32
shimozatominami,Mr.KINJO inn 下里南,2026/09/11,19,13,32
shimozatominami,Mr.KINJO inn 下里南,2026/09/12,21,11,32
shimozatominami,Mr.KINJO inn 下里南,2026/09/13,20,12,32
shimozatominami,Mr.KINJO inn 下里南,2026/09/14,15,17,32
shimozatominami,Mr.KINJO inn 下里南,2026/09/15,17,15,32
shimozatominami,Mr.KINJO inn 下里南,2026/09/16,16,16,32
shimozatominami,Mr.KINJO inn 下里南,2026/09/17,20,12,32
shimozatominami,Mr.KINJO inn 下里南,2026/09/18,24,8,32
shimozatominami,Mr.KINJO inn 下里南,2026/09/19,22,10,32
shimozatominami,Mr.KINJO inn 下里南,2026/09/20,21,11,32
shimozatominami,Mr.KINJO inn 下里南,2026/09/21,21,11,32
shimozatominami,Mr.KINJO inn 下里南,2026/09/22,26,6,32
shimozatominami,Mr.KINJO inn 下里南,2026/09/23,29,3,32
shimozatominami,Mr.KINJO inn 下里南,2026/09/24,29,3,32
shimozatominami,Mr.KINJO inn 下里南,2026/09/25,26,6,32
shimozatominami,Mr.KINJO inn 下里南,2026/09/26,26,6,32
shimozatominami,Mr.KINJO inn 下里南,2026/09/27,26,6,32
shimozatominami,Mr.KINJO inn 下里南,2026/09/28,26,6,32
happiness2,Mr.KINJO Happiness Resort II,2026/08/30,15,10,25
happiness2,Mr.KINJO Happiness Resort II,2026/08/31,17,8,25
happiness2,Mr.KINJO Happiness Resort II,2026/09/01,17,8,25
happiness2,Mr.KINJO Happiness Resort II,2026/09/02,15,10,25
happiness2,Mr.KINJO Happiness Resort II,2026/09/03,18,7,25
happiness2,Mr.KINJO Happiness Resort II,2026/09/04,16,9,25
happiness2,Mr.KINJO Happiness Resort II,2026/09/05,13,12,25
happiness2,Mr.KINJO Happiness Resort II,2026/09/06,14,11,25
happiness2,Mr.KINJO Happiness Resort II,2026/09/07,17,8,25
happiness2,Mr.KINJO Happiness Resort II,2026/09/08,10,15,25
happiness2,Mr.KINJO Happiness Resort II,2026/09/09,18,7,25
happiness2,Mr.KINJO Happiness Resort II,2026/09/10,18,7,25
happiness2,Mr.KINJO Happiness Resort II,2026/09/11,17,8,25
happiness2,Mr.KINJO Happiness Resort II,2026/09/12,16,9,25
happiness2,Mr.KINJO Happiness Resort II,2026/09/13,20,5,25
happiness2,Mr.KINJO Happiness Resort II,2026/09/14,18,7,25
happiness2,Mr.KINJO Happiness Resort II,2026/09/15,15,10,25
happiness2,Mr.KINJO Happiness Resort II,2026/09/16,11,14,25
happiness2,Mr.KINJO Happiness Resort II,2026/09/17,13,12,25
happiness2,Mr.KINJO Happiness Resort II,2026/09/18,16,9,25
happiness2,Mr.KINJO Happiness Resort II,2026/09/19,15,10,25
happiness2,Mr.KINJO Happiness Resort II,2026/09/20,13,12,25
happiness2,Mr.KINJO Happiness Resort II,2026/09/21,13,12,25
happiness2,Mr.KINJO Happiness Resort II,2026/09/22,16,9,25
happiness2,Mr.KINJO Happiness Resort II,2026/09/23,16,9,25
happiness2,Mr.KINJO Happiness Resort II,2026/09/24,20,5,25
happiness2,Mr.KINJO Happiness Resort II,2026/09/25,19,6,25
happiness2,Mr.KINJO Happiness Resort II,2026/09/26,20,5,25
happiness2,Mr.KINJO Happiness Resort II,2026/09/27,18,7,25
happiness2,Mr.KINJO Happiness Resort II,2026/09/28,20,5,25
happiness1,Mr.KINJO Happiness Resort I,2026/08/30,16,12,28
happiness1,Mr.KINJO Happiness Resort I,2026/08/31,18,10,28
happiness1,Mr.KINJO Happiness Resort I,2026/09/01,22,6,28
happiness1,Mr.KINJO Happiness Resort I,2026/09/02,21,7,28
happiness1,Mr.KINJO Happiness Resort I,2026/09/03,20,8,28
happiness1,Mr.KINJO Happiness Resort I,2026/09/04,18,10,28
happiness1,Mr.KINJO Happiness Resort I,2026/09/05,19,9,28
happiness1,Mr.KINJO Happiness Resort I,2026/09/06,17,11,28
happiness1,Mr.KINJO Happiness Resort I,2026/09/07,17,11,28
happiness1,Mr.KINJO Happiness Resort I,2026/09/08,14,14,28
happiness1,Mr.KINJO Happiness Resort I,2026/09/09,17,11,28
happiness1,Mr.KINJO Happiness Resort I,2026/09/10,15,13,28
happiness1,Mr.KINJO Happiness Resort I,2026/09/11,14,14,28
happiness1,Mr.KINJO Happiness Resort I,2026/09/12,18,10,28
happiness1,Mr.KINJO Happiness Resort I,2026/09/13,23,5,28
happiness1,Mr.KINJO Happiness Resort I,2026/09/14,22,6,28
happiness1,Mr.KINJO Happiness Resort I,2026/09/15,21,7,28
happiness1,Mr.KINJO Happiness Resort I,2026/09/16,16,12,28
happiness1,Mr.KINJO Happiness Resort I,2026/09/17,17,11,28
happiness1,Mr.KINJO Happiness Resort I,2026/09/18,15,13,28
happiness1,Mr.KINJO Happiness Resort I,2026/09/19,15,13,28
happiness1,Mr.KINJO Happiness Resort I,2026/09/20,9,19,28
happiness1,Mr.KINJO Happiness Resort I,2026/09/21,15,13,28
happiness1,Mr.KINJO Happiness Resort I,2026/09/22,17,11,28
happiness1,Mr.KINJO Happiness Resort I,2026/09/23,20,8,28
happiness1,Mr.KINJO Happiness Resort I,2026/09/24,26,2,28
happiness1,Mr.KINJO Happiness Resort I,2026/09/25,26,2,28
happiness1,Mr.KINJO Happiness Resort I,2026/09/26,25,3,28
happiness1,Mr.KINJO Happiness Resort I,2026/09/27,23,5,28
happiness1,Mr.KINJO Happiness Resort I,2026/09/28,23,5,28
arcade,Mr.KINJO in Arcade ange miona,2026/08/30,0,24,24
arcade,Mr.KINJO in Arcade ange miona,2026/08/31,2,22,24
arcade,Mr.KINJO in Arcade ange miona,2026/09/01,4,20,24
arcade,Mr.KINJO in Arcade ange miona,2026/09/02,6,18,24
arcade,Mr.KINJO in Arcade ange miona,2026/09/03,3,21,24
arcade,Mr.KINJO in Arcade ange miona,2026/09/04,6,18,24
arcade,Mr.KINJO in Arcade ange miona,2026/09/05,9,15,24
arcade,Mr.KINJO in Arcade ange miona,2026/09/06,5,19,24
arcade,Mr.KINJO in Arcade ange miona,2026/09/07,9,15,24
arcade,Mr.KINJO in Arcade ange miona,2026/09/08,7,17,24
arcade,Mr.KINJO in Arcade ange miona,2026/09/09,7,17,24
arcade,Mr.KINJO in Arcade ange miona,2026/09/10,11,13,24
arcade,Mr.KINJO in Arcade ange miona,2026/09/11,10,14,24
arcade,Mr.KINJO in Arcade ange miona,2026/09/12,9,15,24
arcade,Mr.KINJO in Arcade ange miona,2026/09/13,9,15,24
arcade,Mr.KINJO in Arcade ange miona,2026/09/14,10,14,24
arcade,Mr.KINJO in Arcade ange miona,2026/09/15,11,13,24
arcade,Mr.KINJO in Arcade ange miona,2026/09/16,10,14,24
arcade,Mr.KINJO in Arcade ange miona,2026/09/17,9,15,24
arcade,Mr.KINJO in Arcade ange miona,2026/09/18,11,13,24
arcade,Mr.KINJO in Arcade ange miona,2026/09/19,8,16,24
arcade,Mr.KINJO in Arcade ange miona,2026/09/20,9,15,24
arcade,Mr.KINJO in Arcade ange miona,2026/09/21,11,13,24
arcade,Mr.KINJO in Arcade ange miona,2026/09/22,14,10,24
arcade,Mr.KINJO in Arcade ange miona,2026/09/23,14,10,24
arcade,Mr.KINJO in Arcade ange miona,2026/09/24,13,11,24
arcade,Mr.KINJO in Arcade ange miona,2026/09/25,13,11,24
arcade,Mr.KINJO in Arcade ange miona,2026/09/26,12,12,24
arcade,Mr.KINJO in Arcade ange miona,2026/09/27,14,10,24
arcade,Mr.KINJO in Arcade ange miona,2026/09/28,15,9,24
matsuo,Mr.KINJO in MATSUO,2026/08/30,0,18,18
matsuo,Mr.KINJO in MATSUO,2026/08/31,4,14,18
matsuo,Mr.KINJO in MATSUO,2026/09/01,3,15,18
matsuo,Mr.KINJO in MATSUO,2026/09/02,4,14,18
matsuo,Mr.KINJO in MATSUO,2026/09/03,5,13,18
matsuo,Mr.KINJO in MATSUO,2026/09/04,7,11,18
matsuo,Mr.KINJO in MATSUO,2026/09/05,2,16,18
matsuo,Mr.KINJO in MATSUO,2026/09/06,1,17,18
matsuo,Mr.KINJO in MATSUO,2026/09/07,3,15,18
matsuo,Mr.KINJO in MATSUO,2026/09/08,9,9,18
matsuo,Mr.KINJO in MATSUO,2026/09/09,8,10,18
matsuo,Mr.KINJO in MATSUO,2026/09/10,8,10,18
matsuo,Mr.KINJO in MATSUO,2026/09/11,7,11,18
matsuo,Mr.KINJO in MATSUO,2026/09/12,9,9,18
matsuo,Mr.KINJO in MATSUO,2026/09/13,10,8,18
matsuo,Mr.KINJO in MATSUO,2026/09/14,10,8,18
matsuo,Mr.KINJO in MATSUO,2026/09/15,11,7,18
matsuo,Mr.KINJO in MATSUO,2026/09/16,13,5,18
matsuo,Mr.KINJO in MATSUO,2026/09/17,15,3,18
matsuo,Mr.KINJO in MATSUO,2026/09/18,12,6,18
matsuo,Mr.KINJO in MATSUO,2026/09/19,11,7,18
matsuo,Mr.KINJO in MATSUO,2026/09/20,11,7,18
matsuo,Mr.KINJO in MATSUO,2026/09/21,14,4,18
matsuo,Mr.KINJO in MATSUO,2026/09/22,15,3,18
matsuo,Mr.KINJO in MATSUO,2026/09/23,3,15,18
matsuo,Mr.KINJO in MATSUO,2026/09/24,13,5,18
matsuo,Mr.KINJO in MATSUO,2026/09/25,10,8,18
matsuo,Mr.KINJO in MATSUO,2026/09/26,11,7,18
matsuo,Mr.KINJO in MATSUO,2026/09/27,10,8,18
matsuo,Mr.KINJO in MATSUO,2026/09/28,10,8,18
ciizi,Mr.KINJO Color’z Ciizi,2026/08/30,3,12,15
ciizi,Mr.KINJO Color’z Ciizi,2026/08/31,3,12,15
ciizi,Mr.KINJO Color’z Ciizi,2026/09/01,1,14,15
ciizi,Mr.KINJO Color’z Ciizi,2026/09/02,3,12,15
ciizi,Mr.KINJO Color’z Ciizi,2026/09/03,9,6,15
ciizi,Mr.KINJO Color’z Ciizi,2026/09/04,8,7,15
ciizi,Mr.KINJO Color’z Ciizi,2026/09/05,5,10,15
ciizi,Mr.KINJO Color’z Ciizi,2026/09/06,9,6,15
ciizi,Mr.KINJO Color’z Ciizi,2026/09/07,9,6,15
ciizi,Mr.KINJO Color’z Ciizi,2026/09/08,9,6,15
ciizi,Mr.KINJO Color’z Ciizi,2026/09/09,8,7,15
ciizi,Mr.KINJO Color’z Ciizi,2026/09/10,9,6,15
ciizi,Mr.KINJO Color’z Ciizi,2026/09/11,7,8,15
ciizi,Mr.KINJO Color’z Ciizi,2026/09/12,6,9,15
ciizi,Mr.KINJO Color’z Ciizi,2026/09/13,9,6,15
ciizi,Mr.KINJO Color’z Ciizi,2026/09/14,10,5,15
ciizi,Mr.KINJO Color’z Ciizi,2026/09/15,11,4,15
ciizi,Mr.KINJO Color’z Ciizi,2026/09/16,10,5,15
ciizi,Mr.KINJO Color’z Ciizi,2026/09/17,10,5,15
ciizi,Mr.KINJO Color’z Ciizi,2026/09/18,9,6,15
ciizi,Mr.KINJO Color’z Ciizi,2026/09/19,10,5,15
ciizi,Mr.KINJO Color’z Ciizi,2026/09/20,6,9,15
ciizi,Mr.KINJO Color’z Ciizi,2026/09/21,9,6,15
ciizi,Mr.KINJO Color’z Ciizi,2026/09/22,9,6,15
ciizi,Mr.KINJO Color’z Ciizi,2026/09/23,9,6,15
ciizi,Mr.KINJO Color’z Ciizi,2026/09/24,9,6,15
ciizi,Mr.KINJO Color’z Ciizi,2026/09/25,10,5,15
ciizi,Mr.KINJO Color’z Ciizi,2026/09/26,10,5,15
ciizi,Mr.KINJO Color’z Ciizi,2026/09/27,11,4,15
ciizi,Mr.KINJO Color’z Ciizi,2026/09/28,10,5,15
kuninda,Mr.KINJO Color’z Kuninda,2026/08/30,6,15,21
kuninda,Mr.KINJO Color’z Kuninda,2026/08/31,6,15,21
kuninda,Mr.KINJO Color’z Kuninda,2026/09/01,6,15,21
kuninda,Mr.KINJO Color’z Kuninda,2026/09/02,10,11,21
kuninda,Mr.KINJO Color’z Kuninda,2026/09/03,11,10,21
kuninda,Mr.KINJO Color’z Kuninda,2026/09/04,8,13,21
kuninda,Mr.KINJO Color’z Kuninda,2026/09/05,7,14,21
kuninda,Mr.KINJO Color’z Kuninda,2026/09/06,11,10,21
kuninda,Mr.KINJO Color’z Kuninda,2026/09/07,14,7,21
kuninda,Mr.KINJO Color’z Kuninda,2026/09/08,16,5,21
kuninda,Mr.KINJO Color’z Kuninda,2026/09/09,15,6,21
kuninda,Mr.KINJO Color’z Kuninda,2026/09/10,17,4,21
kuninda,Mr.KINJO Color’z Kuninda,2026/09/11,17,4,21
kuninda,Mr.KINJO Color’z Kuninda,2026/09/12,17,4,21
kuninda,Mr.KINJO Color’z Kuninda,2026/09/13,17,4,21
kuninda,Mr.KINJO Color’z Kuninda,2026/09/14,16,5,21
kuninda,Mr.KINJO Color’z Kuninda,2026/09/15,15,6,21
kuninda,Mr.KINJO Color’z Kuninda,2026/09/16,17,4,21
kuninda,Mr.KINJO Color’z Kuninda,2026/09/17,14,7,21
kuninda,Mr.KINJO Color’z Kuninda,2026/09/18,18,3,21
kuninda,Mr.KINJO Color’z Kuninda,2026/09/19,18,3,21
kuninda,Mr.KINJO Color’z Kuninda,2026/09/20,19,2,21
kuninda,Mr.KINJO Color’z Kuninda,2026/09/21,19,2,21
kuninda,Mr.KINJO Color’z Kuninda,2026/09/22,20,1,21
kuninda,Mr.KINJO Color’z Kuninda,2026/09/23,19,2,21
kuninda,Mr.KINJO Color’z Kuninda,2026/09/24,19,2,21
kuninda,Mr.KINJO Color’z Kuninda,2026/09/25,19,2,21
kuninda,Mr.KINJO Color’z Kuninda,2026/09/26,19,2,21
kuninda,Mr.KINJO Color’z Kuninda,2026/09/27,21,0,21
kuninda,Mr.KINJO Color’z Kuninda,2026/09/28,20,1,21
tstyle,T-STYLE,2026/08/30,0,27,27
tstyle,T-STYLE,2026/08/31,1,26,27
tstyle,T-STYLE,2026/09/01,3,24,27
tstyle,T-STYLE,2026/09/02,5,22,27
tstyle,T-STYLE,2026/09/03,6,21,27
tstyle,T-STYLE,2026/09/04,3,24,27
tstyle,T-STYLE,2026/09/05,4,23,27
tstyle,T-STYLE,2026/09/06,8,19,27
tstyle,T-STYLE,2026/09/07,8,19,27
tstyle,T-STYLE,2026/09/08,6,21,27
tstyle,T-STYLE,2026/09/09,5,22,27
tstyle,T-STYLE,2026/09/10,4,23,27
tstyle,T-STYLE,2026/09/11,3,24,27
tstyle,T-STYLE,2026/09/12,4,23,27
tstyle,T-STYLE,2026/09/13,4,23,27
tstyle,T-STYLE,2026/09/14,5,22,27
tstyle,T-STYLE,2026/09/15,6,21,27
tstyle,T-STYLE,2026/09/16,9,18,27
tstyle,T-STYLE,2026/09/17,8,19,27
tstyle,T-STYLE,2026/09/18,1,26,27
tstyle,T-STYLE,2026/09/19,4,23,27
tstyle,T-STYLE,2026/09/20,5,22,27
tstyle,T-STYLE,2026/09/21,6,21,27
tstyle,T-STYLE,2026/09/22,5,22,27
tstyle,T-STYLE,2026/09/23,6,21,27
tstyle,T-STYLE,2026/09/24,8,19,27
tstyle,T-STYLE,2026/09/25,7,20,27
tstyle,T-STYLE,2026/09/26,6,21,27
tstyle,T-STYLE,2026/09/27,7,20,27
tstyle,T-STYLE,2026/09/28,7,20,27
asato,Mr.KINJO in ASATO,2026/08/30,3,16,19
asato,Mr.KINJO in ASATO,2026/08/31,5,14,19
asato,Mr.KINJO in ASATO,2026/09/01,3,16,19
asato,Mr.KINJO in ASATO,2026/09/02,3,16,19
asato,Mr.KINJO in ASATO,2026/09/03,0,19,19
asato,Mr.KINJO in ASATO,2026/09/04,0,19,19
asato,Mr.KINJO in ASATO,2026/09/05,3,16,19
asato,Mr.KINJO in ASATO,2026/09/06,8,11,19
asato,Mr.KINJO in ASATO,2026/09/07,8,11,19
asato,Mr.KINJO in ASATO,2026/09/08,9,10,19
asato,Mr.KINJO in ASATO,2026/09/09,6,13,19
asato,Mr.KINJO in ASATO,2026/09/10,8,11,19
asato,Mr.KINJO in ASATO,2026/09/11,9,10,19
asato,Mr.KINJO in ASATO,2026/09/12,8,11,19
asato,Mr.KINJO in ASATO,2026/09/13,11,8,19
asato,Mr.KINJO in ASATO,2026/09/14,9,10,19
asato,Mr.KINJO in ASATO,2026/09/15,11,8,19
asato,Mr.KINJO in ASATO,2026/09/16,10,9,19
asato,Mr.KINJO in ASATO,2026/09/17,12,7,19
asato,Mr.KINJO in ASATO,2026/09/18,1,18,19
asato,Mr.KINJO in ASATO,2026/09/19,1,18,19
asato,Mr.KINJO in ASATO,2026/09/20,2,17,19
asato,Mr.KINJO in ASATO,2026/09/21,6,13,19
asato,Mr.KINJO in ASATO,2026/09/22,15,4,19
asato,Mr.KINJO in ASATO,2026/09/23,15,4,19
asato,Mr.KINJO in ASATO,2026/09/24,18,1,19
asato,Mr.KINJO in ASATO,2026/09/25,14,5,19
asato,Mr.KINJO in ASATO,2026/09/26,11,8,19
asato,Mr.KINJO in ASATO,2026/09/27,13,6,19
asato,Mr.KINJO in ASATO,2026/09/28,12,7,19
tomigusuku,Mr.KINJO in TOMIGUSUKU,2026/08/30,15,21,36
tomigusuku,Mr.KINJO in TOMIGUSUKU,2026/08/31,11,25,36
tomigusuku,Mr.KINJO in TOMIGUSUKU,2026/09/01,16,20,36
tomigusuku,Mr.KINJO in TOMIGUSUKU,2026/09/02,11,25,36
tomigusuku,Mr.KINJO in TOMIGUSUKU,2026/09/03,5,31,36
tomigusuku,Mr.KINJO in TOMIGUSUKU,2026/09/04,13,23,36
tomigusuku,Mr.KINJO in TOMIGUSUKU,2026/09/05,13,23,36
tomigusuku,Mr.KINJO in TOMIGUSUKU,2026/09/06,17,19,36
tomigusuku,Mr.KINJO in TOMIGUSUKU,2026/09/07,17,19,36
tomigusuku,Mr.KINJO in TOMIGUSUKU,2026/09/08,14,22,36
tomigusuku,Mr.KINJO in TOMIGUSUKU,2026/09/09,15,21,36
tomigusuku,Mr.KINJO in TOMIGUSUKU,2026/09/10,10,26,36
tomigusuku,Mr.KINJO in TOMIGUSUKU,2026/09/11,14,22,36
tomigusuku,Mr.KINJO in TOMIGUSUKU,2026/09/12,15,21,36
tomigusuku,Mr.KINJO in TOMIGUSUKU,2026/09/13,18,18,36
tomigusuku,Mr.KINJO in TOMIGUSUKU,2026/09/14,9,27,36
tomigusuku,Mr.KINJO in TOMIGUSUKU,2026/09/15,14,22,36
tomigusuku,Mr.KINJO in TOMIGUSUKU,2026/09/16,15,21,36
tomigusuku,Mr.KINJO in TOMIGUSUKU,2026/09/17,20,16,36
tomigusuku,Mr.KINJO in TOMIGUSUKU,2026/09/18,16,20,36
tomigusuku,Mr.KINJO in TOMIGUSUKU,2026/09/19,27,9,36
tomigusuku,Mr.KINJO in TOMIGUSUKU,2026/09/20,29,7,36
tomigusuku,Mr.KINJO in TOMIGUSUKU,2026/09/21,22,14,36
tomigusuku,Mr.KINJO in TOMIGUSUKU,2026/09/22,24,12,36
tomigusuku,Mr.KINJO in TOMIGUSUKU,2026/09/23,28,8,36
tomigusuku,Mr.KINJO in TOMIGUSUKU,2026/09/24,25,11,36
tomigusuku,Mr.KINJO in TOMIGUSUKU,2026/09/25,25,11,36
tomigusuku,Mr.KINJO in TOMIGUSUKU,2026/09/26,26,10,36
tomigusuku,Mr.KINJO in TOMIGUSUKU,2026/09/27,30,6,36
tomigusuku,Mr.KINJO in TOMIGUSUKU,2026/09/28,31,5,36
aparagi,Mr.KINJO 宮古島アパラギリゾート I,2026/08/30,7,17,24
aparagi,Mr.KINJO 宮古島アパラギリゾート I,2026/08/31,8,16,24
aparagi,Mr.KINJO 宮古島アパラギリゾート I,2026/09/01,9,15,24
aparagi,Mr.KINJO 宮古島アパラギリゾート I,2026/09/02,9,15,24
aparagi,Mr.KINJO 宮古島アパラギリゾート I,2026/09/03,10,14,24
aparagi,Mr.KINJO 宮古島アパラギリゾート I,2026/09/04,11,13,24
aparagi,Mr.KINJO 宮古島アパラギリゾート I,2026/09/05,10,14,24
aparagi,Mr.KINJO 宮古島アパラギリゾート I,2026/09/06,17,7,24
aparagi,Mr.KINJO 宮古島アパラギリゾート I,2026/09/07,14,10,24
aparagi,Mr.KINJO 宮古島アパラギリゾート I,2026/09/08,15,9,24
aparagi,Mr.KINJO 宮古島アパラギリゾート I,2026/09/09,11,13,24
aparagi,Mr.KINJO 宮古島アパラギリゾート I,2026/09/10,12,12,24
aparagi,Mr.KINJO 宮古島アパラギリゾート I,2026/09/11,16,8,24
aparagi,Mr.KINJO 宮古島アパラギリゾート I,2026/09/12,18,6,24
aparagi,Mr.KINJO 宮古島アパラギリゾート I,2026/09/13,16,8,24
aparagi,Mr.KINJO 宮古島アパラギリゾート I,2026/09/14,17,7,24
aparagi,Mr.KINJO 宮古島アパラギリゾート I,2026/09/15,16,8,24
aparagi,Mr.KINJO 宮古島アパラギリゾート I,2026/09/16,14,10,24
aparagi,Mr.KINJO 宮古島アパラギリゾート I,2026/09/17,17,7,24
aparagi,Mr.KINJO 宮古島アパラギリゾート I,2026/09/18,12,12,24
aparagi,Mr.KINJO 宮古島アパラギリゾート I,2026/09/19,11,13,24
aparagi,Mr.KINJO 宮古島アパラギリゾート I,2026/09/20,10,14,24
aparagi,Mr.KINJO 宮古島アパラギリゾート I,2026/09/21,7,17,24
aparagi,Mr.KINJO 宮古島アパラギリゾート I,2026/09/22,10,14,24
aparagi,Mr.KINJO 宮古島アパラギリゾート I,2026/09/23,12,12,24
aparagi,Mr.KINJO 宮古島アパラギリゾート I,2026/09/24,15,9,24
aparagi,Mr.KINJO 宮古島アパラギリゾート I,2026/09/25,13,11,24
aparagi,Mr.KINJO 宮古島アパラギリゾート I,2026/09/26,13,11,24
aparagi,Mr.KINJO 宮古島アパラギリゾート I,2026/09/27,10,14,24
aparagi,Mr.KINJO 宮古島アパラギリゾート I,2026/09/28,13,11,24
uenokura,Mr.KINJO in UENOKURA,2026/08/30,3,14,17
uenokura,Mr.KINJO in UENOKURA,2026/08/31,2,15,17
uenokura,Mr.KINJO in UENOKURA,2026/09/01,4,13,17
uenokura,Mr.KINJO in UENOKURA,2026/09/02,4,13,17
uenokura,Mr.KINJO in UENOKURA,2026/09/03,8,9,17
uenokura,Mr.KINJO in UENOKURA,2026/09/04,5,12,17
uenokura,Mr.KINJO in UENOKURA,2026/09/05,8,9,17
uenokura,Mr.KINJO in UENOKURA,2026/09/06,7,10,17
uenokura,Mr.KINJO in UENOKURA,2026/09/07,9,8,17
uenokura,Mr.KINJO in UENOKURA,2026/09/08,9,8,17
uenokura,Mr.KINJO in UENOKURA,2026/09/09,7,10,17
uenokura,Mr.KINJO in UENOKURA,2026/09/10,4,13,17
uenokura,Mr.KINJO in UENOKURA,2026/09/11,7,10,17
uenokura,Mr.KINJO in UENOKURA,2026/09/12,7,10,17
uenokura,Mr.KINJO in UENOKURA,2026/09/13,5,12,17
uenokura,Mr.KINJO in UENOKURA,2026/09/14,6,11,17
uenokura,Mr.KINJO in UENOKURA,2026/09/15,3,14,17
uenokura,Mr.KINJO in UENOKURA,2026/09/16,8,9,17
uenokura,Mr.KINJO in UENOKURA,2026/09/17,8,9,17
uenokura,Mr.KINJO in UENOKURA,2026/09/18,9,8,17
uenokura,Mr.KINJO in UENOKURA,2026/09/19,10,7,17
uenokura,Mr.KINJO in UENOKURA,2026/09/20,10,7,17
uenokura,Mr.KINJO in UENOKURA,2026/09/21,10,7,17
uenokura,Mr.KINJO in UENOKURA,2026/09/22,10,7,17
uenokura,Mr.KINJO in UENOKURA,2026/09/23,12,5,17
uenokura,Mr.KINJO in UENOKURA,2026/09/24,8,9,17
uenokura,Mr.KINJO in UENOKURA,2026/09/25,9,8,17
uenokura,Mr.KINJO in UENOKURA,2026/09/26,10,7,17
uenokura,Mr.KINJO in UENOKURA,2026/09/27,11,6,17
uenokura,Mr.KINJO in UENOKURA,2026/09/28,12,5,17
espoir,Mr.KINJO in エスポワール与那覇ビル,2026/08/30,14,12,26
espoir,Mr.KINJO in エスポワール与那覇ビル,2026/08/31,16,10,26
espoir,Mr.KINJO in エスポワール与那覇ビル,2026/09/01,14,12,26
espoir,Mr.KINJO in エスポワール与那覇ビル,2026/09/02,12,14,26
espoir,Mr.KINJO in エスポワール与那覇ビル,2026/09/03,15,11,26
espoir,Mr.KINJO in エスポワール与那覇ビル,2026/09/04,16,10,26
espoir,Mr.KINJO in エスポワール与那覇ビル,2026/09/05,13,13,26
espoir,Mr.KINJO in エスポワール与那覇ビル,2026/09/06,5,21,26
espoir,Mr.KINJO in エスポワール与那覇ビル,2026/09/07,11,15,26
espoir,Mr.KINJO in エスポワール与那覇ビル,2026/09/08,8,18,26
espoir,Mr.KINJO in エスポワール与那覇ビル,2026/09/09,8,18,26
espoir,Mr.KINJO in エスポワール与那覇ビル,2026/09/10,9,17,26
espoir,Mr.KINJO in エスポワール与那覇ビル,2026/09/11,15,11,26
espoir,Mr.KINJO in エスポワール与那覇ビル,2026/09/12,20,6,26
espoir,Mr.KINJO in エスポワール与那覇ビル,2026/09/13,20,6,26
espoir,Mr.KINJO in エスポワール与那覇ビル,2026/09/14,21,5,26
espoir,Mr.KINJO in エスポワール与那覇ビル,2026/09/15,21,5,26
espoir,Mr.KINJO in エスポワール与那覇ビル,2026/09/16,22,4,26
espoir,Mr.KINJO in エスポワール与那覇ビル,2026/09/17,22,4,26
espoir,Mr.KINJO in エスポワール与那覇ビル,2026/09/18,2,24,26
espoir,Mr.KINJO in エスポワール与那覇ビル,2026/09/19,2,24,26
espoir,Mr.KINJO in エスポワール与那覇ビル,2026/09/20,1,25,26
espoir,Mr.KINJO in エスポワール与那覇ビル,2026/09/21,1,25,26
espoir,Mr.KINJO in エスポワール与那覇ビル,2026/09/22,18,8,26
espoir,Mr.KINJO in エスポワール与那覇ビル,2026/09/23,21,5,26
espoir,Mr.KINJO in エスポワール与那覇ビル,2026/09/24,21,5,26
espoir,Mr.KINJO in エスポワール与那覇ビル,2026/09/25,21,5,26
espoir,Mr.KINJO in エスポワール与那覇ビル,2026/09/26,23,3,26
espoir,Mr.KINJO in エスポワール与那覇ビル,2026/09/27,20,6,26
espoir,Mr.KINJO in エスポワール与那覇ビル,2026/09/28,22,4,26
airresort,Mr.KINJO in Air Resort,2026/08/30,19,21,40
airresort,Mr.KINJO in Air Resort,2026/08/31,18,22,40
airresort,Mr.KINJO in Air Resort,2026/09/01,23,17,40
airresort,Mr.KINJO in Air Resort,2026/09/02,25,15,40
airresort,Mr.KINJO in Air Resort,2026/09/03,28,12,40
airresort,Mr.KINJO in Air Resort,2026/09/04,32,8,40
airresort,Mr.KINJO in Air Resort,2026/09/05,31,9,40
airresort,Mr.KINJO in Air Resort,2026/09/06,33,7,40
airresort,Mr.KINJO in Air Resort,2026/09/07,26,14,40
airresort,Mr.KINJO in Air Resort,2026/09/08,23,17,40
airresort,Mr.KINJO in Air Resort,2026/09/09,25,15,40
airresort,Mr.KINJO in Air Resort,2026/09/10,25,15,40
airresort,Mr.KINJO in Air Resort,2026/09/11,24,16,40
airresort,Mr.KINJO in Air Resort,2026/09/12,21,19,40
airresort,Mr.KINJO in Air Resort,2026/09/13,23,17,40
airresort,Mr.KINJO in Air Resort,2026/09/14,21,19,40
airresort,Mr.KINJO in Air Resort,2026/09/15,25,15,40
airresort,Mr.KINJO in Air Resort,2026/09/16,27,13,40
airresort,Mr.KINJO in Air Resort,2026/09/17,20,20,40
airresort,Mr.KINJO in Air Resort,2026/09/18,19,21,40
airresort,Mr.KINJO in Air Resort,2026/09/19,20,20,40
airresort,Mr.KINJO in Air Resort,2026/09/20,17,23,40
airresort,Mr.KINJO in Air Resort,2026/09/21,20,20,40
airresort,Mr.KINJO in Air Resort,2026/09/22,24,16,40
airresort,Mr.KINJO in Air Resort,2026/09/23,25,15,40
airresort,Mr.KINJO in Air Resort,2026/09/24,25,15,40
airresort,Mr.KINJO in Air Resort,2026/09/25,26,14,40
airresort,Mr.KINJO in Air Resort,2026/09/26,29,11,40
airresort,Mr.KINJO in Air Resort,2026/09/27,36,4,40
airresort,Mr.KINJO in Air Resort,2026/09/28,36,4,40
