no,id,施設名,エリア,ランク,総室数,稼働率30日%,残室30日(室泊),直近7日稼働%,直近7日残室,満室日数/30,予約単価(客単価),受付泊数,受付売上,受付単価,料金目安,status
1,eminencemakishi,Mr.KINJO Eminence inn Makishi,那覇,1,78,56.0,1030,83.5,90,1,5083,155,940836,6070,維持→,OK
2,violette,Mr.KINJO in VIOLETTE 空港前,那覇,1,19,46.8,303,69.9,40,1,4928,17,104890,6170,維持→,OK
3,premiumterrace,Mr.KINJO in PREMIUM TERRACE CHATAN,中部,1,19,65.1,199,83.5,22,1,7721,46,422790,9191,維持→,OK
4,dbuil,Mr.KINJO inn D-buil,那覇,1,30,49.0,459,65.2,73,0,4916,35,254496,7271,維持→,OK
5,uchidomari,Mr.KINJO in UCHIDOMARI,中部,1,21,53.0,296,68.0,47,0,6255,57,483142,8476,維持→,OK
6,mihara,Mr.KINJO in MIHARA,那覇,1,23,55.1,310,73.3,43,0,6594,27,163350,6050,維持→,OK
7,ishikawa,Mr.KINJO in 石川インター,中部,1,27,34.6,530,63.5,69,0,8446,23,215109,9353,維持→,OK
8,alahastyle,Mr.KINJO in Alaha Style,中部,1,21,56.8,272,68.0,47,0,7095,28,326550,11662,維持→,OK
9,tsubogawa,Mr.KINJO in Shanti Van 壺川駅,那覇,1,31,61.6,357,80.6,42,1,6491,50,319267,6385,維持→,OK
10,nishizaki,Mr.KINJO in NISHIZAKI,南部,1,44,43.6,744,70.8,90,0,5874,57,445573,7817,維持→,OK
11,asahibashi,Mr.KINJO in 旭橋駅前,那覇,1,28,70.6,247,76.5,46,0,6767,92,814901,8858,維持→,OK
12,nishihara,Mr.KINJO in 西原インター,中部,1,24,47.2,380,70.2,50,1,5987,31,226877,7319,維持→,OK
13,minamiuebaru,Mr.KINJO in MINAMIUEBARU,中部,1,24,43.3,408,64.9,59,0,6516,39,249692,6402,維持→,OK
14,motobu,Mr.KINJO in MOTOBU OCEAN TERRACE,北部,1,36,48.9,552,53.2,118,0,8055,100,1150934,11509,維持→,OK
15,sakaemachi,Mr.KINJO in SAKAEMACHI,那覇,1,34,56.6,443,78.2,52,0,5876,130,1019314,7841,維持→,OK
16,gusuku,Mr.KINJO in GUSUKU,北部,1,34,38.3,629,49.2,121,0,7070,48,363993,7583,維持→,OK
17,uruma,Mr.KINJO in URUMA,中部,1,28,45.8,455,62.8,73,0,8645,25,279840,11194,維持→,OK
18,goldencats,Mr.KINJO in GOLDEN CATS,石垣,1,42,62.1,477,60.5,116,0,7562,85,941741,11079,維持→,OK
19,miyakoisland,Mr.KINJO MIYAKO ISLAND,宮古,1,29,75.4,214,80.3,40,2,7797,52,438638,8435,維持→,OK
20,kodomobyouin,Mr.KINJO in こども病院前,南部,1,36,43.8,607,50.0,126,0,5897,79,546846,6922,維持→,OK
21,sunsishigaki,Mr.KINJO Suns ISHIGAKI,石垣,1,21,59.7,254,70.7,43,0,8881,10,94391,9439,維持→,OK
22,naha,Mr.KINJO in NAHA,那覇,2,36,47.6,566,77.0,58,0,5397,10,63583,6358,維持→,OK
23,nicas,Mr.KINJO in Nica’s牧志駅 I,那覇,1,36,62.2,408,77.0,58,0,5503,39,340662,8735,維持→,OK
24,kitanakagusuku,Mr.KINJO in Rycom 北中城,中部,1,21,63.0,233,88.4,17,3,5488,48,396188,8254,上げ↑,OK
25,kumenaha,Mr.KINJO LINK in Kume NAHA,那覇,2,20,50.5,297,74.3,36,0,5323,16,93531,5846,維持→,OK
26,miki24,Mr.KINJO Miki24 in 牧志駅前,那覇,1,22,65.5,228,82.5,27,1,6119,27,210617,7801,維持→,OK
27,manzabeach,Mr.KINJO 万座ビーチ前,北部,1,30,65.7,309,72.4,58,0,7158,33,278989,8454,維持→,OK
28,painagama,Mr.KINJO 宮古島 パイナガマ リゾート,宮古,1,42,62.3,475,67.3,96,0,7025,82,816321,9955,維持→,OK
29,maehara,Mr.KINJO in MAEHARA,中部,1,24,43.8,405,67.3,55,0,5717,39,218718,5608,維持→,OK
30,enishigaki,Mr.KINJO En 石垣,石垣,1,38,35.2,739,28.9,189,0,7231,69,631835,9157,下げ↓,OK
31,grandcats,Mr.KINJO GRAND CATS,石垣,1,50,58.3,626,57.1,150,0,7769,58,621262,10711,維持→,OK
32,grandbluechatan,Mr.KINJO in GRAND BLUE CHATAN,中部,1,48,39.9,866,56.2,147,0,7424,59,576140,9765,維持→,OK
33,kugai,Mr.KINJO LINK in Kugai 宮古島,宮古,1,32,44.2,536,62.9,83,0,5408,42,252336,6008,維持→,OK
34,miegusuku,Mr.KINJO in Miegusuku,那覇,1,32,42.5,552,61.6,86,0,4658,60,334522,5575,維持→,OK
35,haibisunishi,Mr.KINJO in HAIBISU 西町,那覇,1,35,42.6,603,75.9,59,0,4681,53,435506,8217,維持→,OK
36,miyakojima,Mr.KINJO in MIYAKOJIMA,宮古,1,22,68.9,205,70.8,45,1,7231,60,441026,7350,維持→,OK
37,shimozatominami,Mr.KINJO inn 下里南,宮古,1,32,35.8,616,46.0,121,0,6998,17,129361,7609,維持→,OK
38,happiness2,Mr.KINJO Happiness Resort II,宮古,1,25,35.5,484,36.6,111,0,5181,27,178272,6603,維持→,OK
39,happiness1,Mr.KINJO Happiness Resort I,宮古,1,28,33.5,559,31.6,134,0,4958,19,115731,6091,下げ↓,OK
40,arcade,Mr.KINJO in Arcade ange miona,那覇,1,24,62.4,271,82.1,30,1,5475,65,480466,7392,維持→,OK
41,matsuo,Mr.KINJO in MATSUO,那覇,2,18,53.9,249,80.2,25,1,5705,10,52091,5209,維持→,OK
42,ciizi,Mr.KINJO Color’z Ciizi,那覇,1,15,46.4,241,69.5,32,0,4986,34,204652,6019,維持→,OK
43,kuninda,Mr.KINJO Color’z Kuninda,那覇,1,21,28.4,451,63.3,54,0,5238,25,130256,5210,維持→,OK
44,tstyle,T-STYLE,那覇,1,27,81.0,154,88.4,22,1,3965,46,277070,6023,上げ↑,OK
45,asato,Mr.KINJO in ASATO,那覇,1,19,58.9,234,87.2,17,2,4434,42,265725,6327,上げ↑,OK
46,tomigusuku,Mr.KINJO in TOMIGUSUKU,南部,1,36,49.5,545,66.7,84,0,6863,41,309600,7551,維持→,OK
47,aparagi,Mr.KINJO 宮古島アパラギリゾート I,宮古,1,24,48.2,373,61.9,64,0,5571,43,271609,6316,維持→,OK
48,uenokura,Mr.KINJO in UENOKURA,那覇,1,17,55.9,225,71.4,34,0,5052,51,357812,7016,維持→,OK
49,espoir,Mr.KINJO in エスポワール与那覇ビル,宮古,1,26,44.4,434,45.1,100,0,4954,19,129736,6828,維持→,OK
50,airresort,Mr.KINJO in Air Resort,宮古,1,40,37.8,746,37.1,176,0,5214,17,134815,7930,維持→,OK
